,solutes,solvents,solubility_param,solubility_category
0,A,Methanol ,5,non-soluble
1,A,Ethanol_96,4,theta
2,A,Ethanol_99p9,5,non-soluble
3,A,n-Propanol,5,non-soluble
4,A,n-Butanol,5,non-soluble
5,A,Pentanol-1,4,theta
6,A,2-Ethyl_butanol,3,theta
7,A,2-Ethyl_hexanol,4,theta
8,A,Methyl_isobutyl_carbinol,4,theta
9,A,Propylene_glycol,6,non-soluble
10,A,Ethylene_glycol,6,non-soluble
11,A,1_3-Butandiol,5,non-soluble
12,A,Glycerol,4,theta
13,A,Cyclohexanol,5,non-soluble
14,A,m-Cresol,3,theta
15,A,Ethyl_lactate,1,soluble
16,A,n-Butyl_lactate,1,soluble
17,A,Diethylene_glycol,6,non-soluble
18,A,Dipropylene_glycol,6,non-soluble
19,A,2-Butoxyethanol,1,soluble
20,A,Methyl_dioxitol,1,soluble
21,A,Butyl_dioxitol,1,soluble
22,A,Oxitole,1,soluble
23,A,Diacetone_alcohol,1,soluble
24,A,Cellusolve_acetate,1,soluble
25,A,Methyl_Cellusolve,4,theta
26,A,Diethyl_ether,3,theta
27,A,Furan,1,soluble
28,A,Dioxane,1,soluble
29,A,Methylal,1,soluble
30,A,Diethyl_sulfide,1,soluble
31,A,Carbon_disulfide,4,theta
32,A,Dimethyl_sulphoxide,4,theta
33,A,Propylene_carbonate,1,soluble
34,A,gamma_Butyrolactone,1,soluble
35,A,Acetone,1,soluble
36,A,Methyl_ethyl_ketone,1,soluble
37,A,Methyl_isobutyl_ketone,1,soluble
38,A,Methyl_isoamyl_ketone,1,soluble
39,A,Diisobutyl_ketone,1,soluble
40,A,Isophorone,1,soluble
41,A,Acetophenone,1,soluble
42,A,Cyclohexanone,1,soluble
43,A,Tetrahydrofuran,1,soluble
44,A,Mesityl_oxide,1,soluble
45,A,Ethyl_acetate,1,soluble
46,A,n-Butyl_acetate,1,soluble
47,A,Isoamyl_acetate,1,soluble
48,A,Isobutyl_isobutyrate,1,soluble
49,A,Acetonitrile,1,soluble
50,A,Butyronitrite,1,soluble
51,A,Nitromethane,1,soluble
52,A,Nitroethane,1,soluble
53,A,2-Nitropropane,1,soluble
54,A,Aniline,1,soluble
55,A,Nitrobenzene,1,soluble
56,A,Ethanolamine,6,non-soluble
57,A,Dimethyl_formamide,1,soluble
58,A,Dipropyl_amine,1,soluble
59,A,Diethyl_amine,1,soluble
60,A,Morpholine,1,soluble
61,A,Cyclohexylamine,1,soluble
62,A,Pyridine,1,soluble
63,A,Carbon_terachloride,1,soluble
64,A,Chloroform,1,soluble
65,A,Ethylen_chloride,1,soluble
66,A,Methylene_chloride,1,soluble
67,A,1_1_1-Trichloroethane,1,soluble
68,A,1-Chlorobutane,1,soluble
69,A,Trichloroethylene,1,soluble
70,A,2_2-Dichloro_diethyl_ether,1,soluble
71,A,Chlorobenzene,1,soluble
72,A,o-Dichlorobenzene,1,soluble
73,A,alpha-bromonaphtaline,1,soluble
74,A,Cyclohexylchloride,1,soluble
75,A,Benzene,1,soluble
76,A,Toluene,1,soluble
77,A,Xylene,1,soluble
78,A,Ethyl_benzene,1,soluble
79,A,Styrene,1,soluble
80,A,Tetralin,1,soluble
81,A,Hexane,6,non-soluble
82,A,Cyclohexane,6,non-soluble
83,A,Acetic_acid,1,soluble
84,A,Formic_acid_90,1,soluble
85,A,Butyric_acid,1,soluble
86,A,Benzaldehyde,1,soluble
87,A,Acetic_anhydride,1,soluble
88,B,Methanol ,6,non-soluble
89,B,Ethanol_96,6,non-soluble
90,B,Ethanol_99p9,6,non-soluble
91,B,n-Propanol,6,non-soluble
92,B,n-Butanol,6,non-soluble
93,B,Pentanol-1,6,non-soluble
94,B,2-Ethyl_butanol,2,soluble
95,B,2-Ethyl_hexanol,2,soluble
96,B,Methyl_isobutyl_carbinol,5,non-soluble
97,B,Propylene_glycol,6,non-soluble
98,B,Ethylene_glycol,6,non-soluble
99,B,1_3-Butandiol,6,non-soluble
100,B,Glycerol,6,non-soluble
101,B,Cyclohexanol,6,non-soluble
102,B,m-Cresol,3,theta
103,B,Ethyl_lactate,1,soluble
104,B,n-Butyl_lactate,1,soluble
105,B,Diethylene_glycol,6,non-soluble
106,B,Dipropylene_glycol,6,non-soluble
107,B,2-Butoxyethanol,5,non-soluble
108,B,Methyl_dioxitol,1,soluble
109,B,Butyl_dioxitol,3,theta
110,B,Oxitole,5,non-soluble
111,B,Diacetone_alcohol,2,soluble
112,B,Cellusolve_acetate,1,soluble
113,B,Methyl_Cellusolve,3,theta
114,B,Diethyl_ether,6,non-soluble
115,B,Furan,4,theta
116,B,Dioxane,1,soluble
117,B,Methylal,5,non-soluble
118,B,Diethyl_sulfide,4,theta
119,B,Carbon_disulfide,5,non-soluble
120,B,Dimethyl_sulphoxide,1,soluble
121,B,Propylene_carbonate,1,soluble
122,B,gamma_Butyrolactone,1,soluble
123,B,Acetone,1,soluble
124,B,Methyl_ethyl_ketone,1,soluble
125,B,Methyl_isobutyl_ketone,1,soluble
126,B,Methyl_isoamyl_ketone,1,soluble
127,B,Diisobutyl_ketone,3,theta
128,B,Isophorone,1,soluble
129,B,Acetophenone,1,soluble
130,B,Cyclohexanone,1,soluble
131,B,Tetrahydrofuran,1,soluble
132,B,Mesityl_oxide,1,soluble
133,B,Ethyl_acetate,1,soluble
134,B,n-Butyl_acetate,1,soluble
135,B,Isoamyl_acetate,1,soluble
136,B,Isobutyl_isobutyrate,5,non-soluble
137,B,Acetonitrile,6,non-soluble
138,B,Butyronitrite,1,soluble
139,B,Nitromethane,6,non-soluble
140,B,Nitroethane,1,soluble
141,B,2-Nitropropane,1,soluble
142,B,Aniline,3,theta
143,B,Nitrobenzene,1,soluble
144,B,Ethanolamine,6,non-soluble
145,B,Dimethyl_formamide,1,soluble
146,B,Dipropyl_amine,6,non-soluble
147,B,Diethyl_amine,6,non-soluble
148,B,Morpholine,1,soluble
149,B,Cyclohexylamine,1,soluble
150,B,Pyridine,1,soluble
151,B,Carbon_terachloride,5,non-soluble
152,B,Chloroform,1,soluble
153,B,Ethylen_chloride,1,soluble
154,B,Methylene_chloride,1,soluble
155,B,1_1_1-Trichloroethane,5,non-soluble
156,B,1-Chlorobutane,4,theta
157,B,Trichloroethylene,4,theta
158,B,2_2-Dichloro_diethyl_ether,1,soluble
159,B,Chlorobenzene,1,soluble
160,B,o-Dichlorobenzene,1,soluble
161,B,alpha-bromonaphtaline,6,non-soluble
162,B,Cyclohexylchloride,3,theta
163,B,Benzene,5,non-soluble
164,B,Toluene,2,soluble
165,B,Xylene,4,theta
166,B,Ethyl_benzene,5,non-soluble
167,B,Styrene,2,soluble
168,B,Tetralin,3,theta
169,B,Hexane,5,non-soluble
170,B,Cyclohexane,6,non-soluble
171,B,Acetic_acid,6,non-soluble
172,B,Formic_acid_90,6,non-soluble
173,B,Butyric_acid,6,non-soluble
174,B,Benzaldehyde,1,soluble
175,B,Acetic_anhydride,5,non-soluble
176,C,Methanol ,4,theta
177,C,Ethanol_96,4,theta
178,C,Ethanol_99p9,3,theta
179,C,n-Propanol,3,theta
180,C,n-Butanol,3,theta
181,C,Pentanol-1,5,non-soluble
182,C,2-Ethyl_butanol,5,non-soluble
183,C,2-Ethyl_hexanol,5,non-soluble
184,C,Methyl_isobutyl_carbinol,5,non-soluble
185,C,Propylene_glycol,5,non-soluble
186,C,Ethylene_glycol,6,non-soluble
187,C,1_3-Butandiol,5,non-soluble
188,C,Glycerol,6,non-soluble
189,C,Cyclohexanol,1,soluble
190,C,m-Cresol,1,soluble
191,C,Ethyl_lactate,1,soluble
192,C,n-Butyl_lactate,1,soluble
193,C,Diethylene_glycol,1,soluble
194,C,Dipropylene_glycol,1,soluble
195,C,2-Butoxyethanol,1,soluble
196,C,Methyl_dioxitol,1,soluble
197,C,Butyl_dioxitol,1,soluble
198,C,Oxitole,1,soluble
199,C,Diacetone_alcohol,1,soluble
200,C,Cellusolve_acetate,1,soluble
201,C,Methyl_Cellusolve,1,soluble
202,C,Diethyl_ether,3,theta
203,C,Furan,1,soluble
204,C,Dioxane,1,soluble
205,C,Methylal,1,soluble
206,C,Diethyl_sulfide,4,theta
207,C,Carbon_disulfide,3,theta
208,C,Dimethyl_sulphoxide,1,soluble
209,C,Propylene_carbonate,1,soluble
210,C,gamma_Butyrolactone,1,soluble
211,C,Acetone,1,soluble
212,C,Methyl_ethyl_ketone,1,soluble
213,C,Methyl_isobutyl_ketone,1,soluble
214,C,Methyl_isoamyl_ketone,1,soluble
215,C,Diisobutyl_ketone,4,theta
216,C,Isophorone,1,soluble
217,C,Acetophenone,1,soluble
218,C,Cyclohexanone,1,soluble
219,C,Tetrahydrofuran,1,soluble
220,C,Mesityl_oxide,1,soluble
221,C,Ethyl_acetate,1,soluble
222,C,n-Butyl_acetate,1,soluble
223,C,Isoamyl_acetate,1,soluble
224,C,Isobutyl_isobutyrate,5,non-soluble
225,C,Acetonitrile,1,soluble
226,C,Butyronitrite,1,soluble
227,C,Nitromethane,2,soluble
228,C,Nitroethane,1,soluble
229,C,2-Nitropropane,2,soluble
230,C,Aniline,1,soluble
231,C,Nitrobenzene,1,soluble
232,C,Ethanolamine,1,soluble
233,C,Dimethyl_formamide,1,soluble
234,C,Dipropyl_amine,1,soluble
235,C,Diethyl_amine,1,soluble
236,C,Morpholine,1,soluble
237,C,Cyclohexylamine,1,soluble
238,C,Pyridine,1,soluble
239,C,Carbon_terachloride,4,theta
240,C,Chloroform,1,soluble
241,C,Ethylen_chloride,1,soluble
242,C,Methylene_chloride,1,soluble
243,C,1_1_1-Trichloroethane,4,theta
244,C,1-Chlorobutane,2,soluble
245,C,Trichloroethylene,2,soluble
246,C,2_2-Dichloro_diethyl_ether,1,soluble
247,C,Chlorobenzene,2,soluble
248,C,o-Dichlorobenzene,2,soluble
249,C,alpha-bromonaphtaline,2,soluble
250,C,Cyclohexylchloride,4,theta
251,C,Benzene,1,soluble
252,C,Toluene,2,soluble
253,C,Xylene,3,theta
254,C,Ethyl_benzene,4,theta
255,C,Styrene,2,soluble
256,C,Tetralin,4,theta
257,C,Hexane,6,non-soluble
258,C,Cyclohexane,6,non-soluble
259,C,Acetic_acid,1,soluble
260,C,Formic_acid_90,5,non-soluble
261,C,Butyric_acid,1,soluble
262,C,Benzaldehyde,1,soluble
263,C,Acetic_anhydride,1,soluble
264,D,Methanol ,5,non-soluble
265,D,Ethanol_96,6,non-soluble
266,D,Ethanol_99p9,5,non-soluble
267,D,n-Propanol,5,non-soluble
268,D,n-Butanol,5,non-soluble
269,D,Pentanol-1,3,theta
270,D,2-Ethyl_butanol,1,soluble
271,D,2-Ethyl_hexanol,1,soluble
272,D,Methyl_isobutyl_carbinol,1,soluble
273,D,Propylene_glycol,6,non-soluble
274,D,Ethylene_glycol,4,theta
275,D,1_3-Butandiol,5,non-soluble
276,D,Glycerol,5,non-soluble
277,D,Cyclohexanol,1,soluble
278,D,m-Cresol,1,soluble
279,D,Ethyl_lactate,1,soluble
280,D,n-Butyl_lactate,1,soluble
281,D,Diethylene_glycol,5,non-soluble
282,D,Dipropylene_glycol,6,non-soluble
283,D,2-Butoxyethanol,1,soluble
284,D,Methyl_dioxitol,1,soluble
285,D,Butyl_dioxitol,1,soluble
286,D,Oxitole,1,soluble
287,D,Diacetone_alcohol,1,soluble
288,D,Cellusolve_acetate,1,soluble
289,D,Methyl_Cellusolve,1,soluble
290,D,Diethyl_ether,1,soluble
291,D,Furan,1,soluble
292,D,Dioxane,1,soluble
293,D,Methylal,1,soluble
294,D,Diethyl_sulfide,1,soluble
295,D,Carbon_disulfide,1,soluble
296,D,Dimethyl_sulphoxide,3,theta
297,D,Propylene_carbonate,5,non-soluble
298,D,gamma_Butyrolactone,6,non-soluble
299,D,Acetone,1,soluble
300,D,Methyl_ethyl_ketone,1,soluble
301,D,Methyl_isobutyl_ketone,1,soluble
302,D,Methyl_isoamyl_ketone,1,soluble
303,D,Diisobutyl_ketone,1,soluble
304,D,Isophorone,1,soluble
305,D,Acetophenone,1,soluble
306,D,Cyclohexanone,1,soluble
307,D,Tetrahydrofuran,1,soluble
308,D,Mesityl_oxide,1,soluble
309,D,Ethyl_acetate,1,soluble
310,D,n-Butyl_acetate,1,soluble
311,D,Isoamyl_acetate,1,soluble
312,D,Isobutyl_isobutyrate,1,soluble
313,D,Acetonitrile,6,non-soluble
314,D,Butyronitrite,1,soluble
315,D,Nitromethane,5,non-soluble
316,D,Nitroethane,1,soluble
317,D,2-Nitropropane,1,soluble
318,D,Aniline,1,soluble
319,D,Nitrobenzene,1,soluble
320,D,Ethanolamine,6,non-soluble
321,D,Dimethyl_formamide,1,soluble
322,D,Dipropyl_amine,1,soluble
323,D,Diethyl_amine,1,soluble
324,D,Morpholine,1,soluble
325,D,Cyclohexylamine,1,soluble
326,D,Pyridine,1,soluble
327,D,Carbon_terachloride,1,soluble
328,D,Chloroform,1,soluble
329,D,Ethylen_chloride,1,soluble
330,D,Methylene_chloride,1,soluble
331,D,1_1_1-Trichloroethane,1,soluble
332,D,1-Chlorobutane,1,soluble
333,D,Trichloroethylene,1,soluble
334,D,2_2-Dichloro_diethyl_ether,1,soluble
335,D,Chlorobenzene,1,soluble
336,D,o-Dichlorobenzene,1,soluble
337,D,alpha-bromonaphtaline,1,soluble
338,D,Cyclohexylchloride,1,soluble
339,D,Benzene,1,soluble
340,D,Toluene,1,soluble
341,D,Xylene,1,soluble
342,D,Ethyl_benzene,1,soluble
343,D,Styrene,1,soluble
344,D,Tetralin,1,soluble
345,D,Hexane,1,soluble
346,D,Cyclohexane,1,soluble
347,D,Acetic_acid,4,theta
348,D,Formic_acid_90,3,theta
349,D,Butyric_acid,1,soluble
350,D,Benzaldehyde,1,soluble
351,D,Acetic_anhydride,3,theta
352,E,Methanol ,4,theta
353,E,Ethanol_96,4,theta
354,E,Ethanol_99p9,1,soluble
355,E,n-Propanol,1,soluble
356,E,n-Butanol,1,soluble
357,E,Pentanol-1,1,soluble
358,E,2-Ethyl_butanol,1,soluble
359,E,2-Ethyl_hexanol,1,soluble
360,E,Methyl_isobutyl_carbinol,1,soluble
361,E,Propylene_glycol,4,theta
362,E,Ethylene_glycol,6,non-soluble
363,E,1_3-Butandiol,4,theta
364,E,Glycerol,6,non-soluble
365,E,Cyclohexanol,1,soluble
366,E,m-Cresol,1,soluble
367,E,Ethyl_lactate,1,soluble
368,E,n-Butyl_lactate,1,soluble
369,E,Diethylene_glycol,3,theta
370,E,Dipropylene_glycol,1,soluble
371,E,2-Butoxyethanol,1,soluble
372,E,Methyl_dioxitol,1,soluble
373,E,Butyl_dioxitol,1,soluble
374,E,Oxitole,1,soluble
375,E,Diacetone_alcohol,1,soluble
376,E,Cellusolve_acetate,1,soluble
377,E,Methyl_Cellusolve,1,soluble
378,E,Diethyl_ether,4,theta
379,E,Furan,1,soluble
380,E,Dioxane,1,soluble
381,E,Methylal,1,soluble
382,E,Diethyl_sulfide,1,soluble
383,E,Carbon_disulfide,5,non-soluble
384,E,Dimethyl_sulphoxide,1,soluble
385,E,Propylene_carbonate,6,non-soluble
386,E,gamma_Butyrolactone,1,soluble
387,E,Acetone,1,soluble
388,E,Methyl_ethyl_ketone,1,soluble
389,E,Methyl_isobutyl_ketone,1,soluble
390,E,Methyl_isoamyl_ketone,1,soluble
391,E,Diisobutyl_ketone,1,soluble
392,E,Isophorone,1,soluble
393,E,Acetophenone,1,soluble
394,E,Cyclohexanone,1,soluble
395,E,Tetrahydrofuran,1,soluble
396,E,Mesityl_oxide,1,soluble
397,E,Ethyl_acetate,1,soluble
398,E,n-Butyl_acetate,1,soluble
399,E,Isoamyl_acetate,1,soluble
400,E,Isobutyl_isobutyrate,5,non-soluble
401,E,Acetonitrile,5,non-soluble
402,E,Butyronitrite,3,theta
403,E,Nitromethane,6,non-soluble
404,E,Nitroethane,5,non-soluble
405,E,2-Nitropropane,6,non-soluble
406,E,Aniline,1,soluble
407,E,Nitrobenzene,1,soluble
408,E,Ethanolamine,2,soluble
409,E,Dimethyl_formamide,1,soluble
410,E,Dipropyl_amine,1,soluble
411,E,Diethyl_amine,1,soluble
412,E,Morpholine,1,soluble
413,E,Cyclohexylamine,1,soluble
414,E,Pyridine,1,soluble
415,E,Carbon_terachloride,2,soluble
416,E,Chloroform,1,soluble
417,E,Ethylen_chloride,1,soluble
418,E,Methylene_chloride,1,soluble
419,E,1_1_1-Trichloroethane,1,soluble
420,E,1-Chlorobutane,1,soluble
421,E,Trichloroethylene,1,soluble
422,E,2_2-Dichloro_diethyl_ether,5,non-soluble
423,E,Chlorobenzene,1,soluble
424,E,o-Dichlorobenzene,1,soluble
425,E,alpha-bromonaphtaline,1,soluble
426,E,Cyclohexylchloride,1,soluble
427,E,Benzene,1,soluble
428,E,Toluene,1,soluble
429,E,Xylene,5,non-soluble
430,E,Ethyl_benzene,2,soluble
431,E,Styrene,1,soluble
432,E,Tetralin,1,soluble
433,E,Hexane,6,non-soluble
434,E,Cyclohexane,6,non-soluble
435,E,Acetic_acid,2,soluble
436,E,Formic_acid_90,6,non-soluble
437,E,Butyric_acid,1,soluble
438,E,Benzaldehyde,1,soluble
439,E,Acetic_anhydride,2,soluble
440,F,Methanol ,5,non-soluble
441,F,Ethanol_96,1,soluble
442,F,Ethanol_99p9,1,soluble
443,F,n-Propanol,1,soluble
444,F,n-Butanol,1,soluble
445,F,Pentanol-1,1,soluble
446,F,2-Ethyl_butanol,1,soluble
447,F,2-Ethyl_hexanol,1,soluble
448,F,Methyl_isobutyl_carbinol,1,soluble
449,F,Propylene_glycol,6,non-soluble
450,F,Ethylene_glycol,6,non-soluble
451,F,1_3-Butandiol,6,non-soluble
452,F,Glycerol,6,non-soluble
453,F,Cyclohexanol,1,soluble
454,F,m-Cresol,1,soluble
455,F,Ethyl_lactate,1,soluble
456,F,n-Butyl_lactate,1,soluble
457,F,Diethylene_glycol,5,non-soluble
458,F,Dipropylene_glycol,5,non-soluble
459,F,2-Butoxyethanol,1,soluble
460,F,Methyl_dioxitol,1,soluble
461,F,Butyl_dioxitol,1,soluble
462,F,Oxitole,1,soluble
463,F,Diacetone_alcohol,1,soluble
464,F,Cellusolve_acetate,1,soluble
465,F,Methyl_Cellusolve,1,soluble
466,F,Diethyl_ether,5,non-soluble
467,F,Furan,1,soluble
468,F,Dioxane,1,soluble
469,F,Methylal,1,soluble
470,F,Diethyl_sulfide,5,non-soluble
471,F,Carbon_disulfide,5,non-soluble
472,F,Dimethyl_sulphoxide,2,soluble
473,F,Propylene_carbonate,6,non-soluble
474,F,gamma_Butyrolactone,3,theta
475,F,Acetone,1,soluble
476,F,Methyl_ethyl_ketone,1,soluble
477,F,Methyl_isobutyl_ketone,1,soluble
478,F,Methyl_isoamyl_ketone,1,soluble
479,F,Diisobutyl_ketone,5,non-soluble
480,F,Isophorone,1,soluble
481,F,Acetophenone,1,soluble
482,F,Cyclohexanone,1,soluble
483,F,Tetrahydrofuran,1,soluble
484,F,Mesityl_oxide,1,soluble
485,F,Ethyl_acetate,1,soluble
486,F,n-Butyl_acetate,1,soluble
487,F,Isoamyl_acetate,1,soluble
488,F,Isobutyl_isobutyrate,5,non-soluble
489,F,Acetonitrile,5,non-soluble
490,F,Butyronitrite,2,soluble
491,F,Nitromethane,5,non-soluble
492,F,Nitroethane,5,non-soluble
493,F,2-Nitropropane,5,non-soluble
494,F,Aniline,1,soluble
495,F,Nitrobenzene,1,soluble
496,F,Ethanolamine,6,non-soluble
497,F,Dimethyl_formamide,1,soluble
498,F,Dipropyl_amine,1,soluble
499,F,Diethyl_amine,1,soluble
500,F,Morpholine,1,soluble
501,F,Cyclohexylamine,1,soluble
502,F,Pyridine,1,soluble
503,F,Carbon_terachloride,5,non-soluble
504,F,Chloroform,1,soluble
505,F,Ethylen_chloride,1,soluble
506,F,Methylene_chloride,1,soluble
507,F,1_1_1-Trichloroethane,4,theta
508,F,1-Chlorobutane,4,theta
509,F,Trichloroethylene,1,soluble
510,F,2_2-Dichloro_diethyl_ether,3,theta
511,F,Chlorobenzene,1,soluble
512,F,o-Dichlorobenzene,1,soluble
513,F,alpha-bromonaphtaline,1,soluble
514,F,Cyclohexylchloride,4,theta
515,F,Benzene,1,soluble
516,F,Toluene,2,soluble
517,F,Xylene,3,theta
518,F,Ethyl_benzene,3,theta
519,F,Styrene,1,soluble
520,F,Tetralin,2,soluble
521,F,Hexane,6,non-soluble
522,F,Cyclohexane,5,non-soluble
523,F,Acetic_acid,1,soluble
524,F,Formic_acid_90,1,soluble
525,F,Butyric_acid,1,soluble
526,F,Benzaldehyde,1,soluble
527,F,Acetic_anhydride,5,non-soluble
528,G,Methanol ,6,non-soluble
529,G,Ethanol_96,6,non-soluble
530,G,Ethanol_99p9,6,non-soluble
531,G,n-Propanol,6,non-soluble
532,G,n-Butanol,6,non-soluble
533,G,Pentanol-1,6,non-soluble
534,G,2-Ethyl_butanol,6,non-soluble
535,G,2-Ethyl_hexanol,6,non-soluble
536,G,Methyl_isobutyl_carbinol,6,non-soluble
537,G,Propylene_glycol,6,non-soluble
538,G,Ethylene_glycol,6,non-soluble
539,G,1_3-Butandiol,6,non-soluble
540,G,Glycerol,6,non-soluble
541,G,Cyclohexanol,6,non-soluble
542,G,m-Cresol,5,non-soluble
543,G,Ethyl_lactate,6,non-soluble
544,G,n-Butyl_lactate,5,non-soluble
545,G,Diethylene_glycol,6,non-soluble
546,G,Dipropylene_glycol,6,non-soluble
547,G,2-Butoxyethanol,6,non-soluble
548,G,Methyl_dioxitol,6,non-soluble
549,G,Butyl_dioxitol,4,theta
550,G,Oxitole,5,non-soluble
551,G,Diacetone_alcohol,5,non-soluble
552,G,Cellusolve_acetate,1,soluble
553,G,Methyl_Cellusolve,6,non-soluble
554,G,Diethyl_ether,3,theta
555,G,Furan,1,soluble
556,G,Dioxane,1,soluble
557,G,Methylal,1,soluble
558,G,Diethyl_sulfide,1,soluble
559,G,Carbon_disulfide,1,soluble
560,G,Dimethyl_sulphoxide,6,non-soluble
561,G,Propylene_carbonate,6,non-soluble
562,G,gamma_Butyrolactone,1,soluble
563,G,Acetone,3,theta
564,G,Methyl_ethyl_ketone,1,soluble
565,G,Methyl_isobutyl_ketone,1,soluble
566,G,Methyl_isoamyl_ketone,1,soluble
567,G,Diisobutyl_ketone,3,theta
568,G,Isophorone,1,soluble
569,G,Acetophenone,1,soluble
570,G,Cyclohexanone,1,soluble
571,G,Tetrahydrofuran,1,soluble
572,G,Mesityl_oxide,1,soluble
573,G,Ethyl_acetate,1,soluble
574,G,n-Butyl_acetate,1,soluble
575,G,Isoamyl_acetate,1,soluble
576,G,Isobutyl_isobutyrate,1,soluble
577,G,Acetonitrile,4,theta
578,G,Butyronitrite,1,soluble
579,G,Nitromethane,5,non-soluble
580,G,Nitroethane,2,soluble
581,G,2-Nitropropane,1,soluble
582,G,Aniline,1,soluble
583,G,Nitrobenzene,1,soluble
584,G,Ethanolamine,6,non-soluble
585,G,Dimethyl_formamide,1,soluble
586,G,Dipropyl_amine,1,soluble
587,G,Diethyl_amine,1,soluble
588,G,Morpholine,1,soluble
589,G,Cyclohexylamine,1,soluble
590,G,Pyridine,1,soluble
591,G,Carbon_terachloride,1,soluble
592,G,Chloroform,1,soluble
593,G,Ethylen_chloride,1,soluble
594,G,Methylene_chloride,1,soluble
595,G,1_1_1-Trichloroethane,1,soluble
596,G,1-Chlorobutane,1,soluble
597,G,Trichloroethylene,1,soluble
598,G,2_2-Dichloro_diethyl_ether,1,soluble
599,G,Chlorobenzene,1,soluble
600,G,o-Dichlorobenzene,1,soluble
601,G,alpha-bromonaphtaline,1,soluble
602,G,Cyclohexylchloride,1,soluble
603,G,Benzene,1,soluble
604,G,Toluene,1,soluble
605,G,Xylene,1,soluble
606,G,Ethyl_benzene,1,soluble
607,G,Styrene,1,soluble
608,G,Tetralin,1,soluble
609,G,Hexane,3,theta
610,G,Cyclohexane,1,soluble
611,G,Acetic_acid,6,non-soluble
612,G,Formic_acid_90,6,non-soluble
613,G,Butyric_acid,4,theta
614,G,Benzaldehyde,1,soluble
615,G,Acetic_anhydride,6,non-soluble
616,H,Methanol ,1,soluble
617,H,Ethanol_96,1,soluble
618,H,Ethanol_99p9,4,theta
619,H,n-Propanol,4,theta
620,H,n-Butanol,5,non-soluble
621,H,Pentanol-1,2,soluble
622,H,2-Ethyl_butanol,5,non-soluble
623,H,2-Ethyl_hexanol,5,non-soluble
624,H,Methyl_isobutyl_carbinol,5,non-soluble
625,H,Propylene_glycol,6,non-soluble
626,H,Ethylene_glycol,6,non-soluble
627,H,1_3-Butandiol,6,non-soluble
628,H,Glycerol,6,non-soluble
629,H,Cyclohexanol,1,soluble
630,H,m-Cresol,1,soluble
631,H,Ethyl_lactate,1,soluble
632,H,n-Butyl_lactate,1,soluble
633,H,Diethylene_glycol,6,non-soluble
634,H,Dipropylene_glycol,5,non-soluble
635,H,2-Butoxyethanol,2,soluble
636,H,Methyl_dioxitol,1,soluble
637,H,Butyl_dioxitol,1,soluble
638,H,Oxitole,1,soluble
639,H,Diacetone_alcohol,1,soluble
640,H,Cellusolve_acetate,1,soluble
641,H,Methyl_Cellusolve,1,soluble
642,H,Diethyl_ether,4,theta
643,H,Furan,1,soluble
644,H,Dioxane,1,soluble
645,H,Methylal,1,soluble
646,H,Diethyl_sulfide,3,theta
647,H,Carbon_disulfide,4,theta
648,H,Dimethyl_sulphoxide,1,soluble
649,H,Propylene_carbonate,1,soluble
650,H,gamma_Butyrolactone,1,soluble
651,H,Acetone,1,soluble
652,H,Methyl_ethyl_ketone,1,soluble
653,H,Methyl_isobutyl_ketone,1,soluble
654,H,Methyl_isoamyl_ketone,1,soluble
655,H,Diisobutyl_ketone,5,non-soluble
656,H,Isophorone,1,soluble
657,H,Acetophenone,1,soluble
658,H,Cyclohexanone,1,soluble
659,H,Tetrahydrofuran,1,soluble
660,H,Mesityl_oxide,1,soluble
661,H,Ethyl_acetate,1,soluble
662,H,n-Butyl_acetate,1,soluble
663,H,Isoamyl_acetate,1,soluble
664,H,Isobutyl_isobutyrate,5,non-soluble
665,H,Acetonitrile,1,soluble
666,H,Butyronitrite,1,soluble
667,H,Nitromethane,1,soluble
668,H,Nitroethane,1,soluble
669,H,2-Nitropropane,1,soluble
670,H,Aniline,1,soluble
671,H,Nitrobenzene,1,soluble
672,H,Ethanolamine,6,non-soluble
673,H,Dimethyl_formamide,1,soluble
674,H,Dipropyl_amine,5,non-soluble
675,H,Diethyl_amine,5,non-soluble
676,H,Morpholine,1,soluble
677,H,Cyclohexylamine,1,soluble
678,H,Pyridine,1,soluble
679,H,Carbon_terachloride,1,soluble
680,H,Chloroform,1,soluble
681,H,Ethylen_chloride,1,soluble
682,H,Methylene_chloride,1,soluble
683,H,1_1_1-Trichloroethane,1,soluble
684,H,1-Chlorobutane,1,soluble
685,H,Trichloroethylene,1,soluble
686,H,2_2-Dichloro_diethyl_ether,1,soluble
687,H,Chlorobenzene,1,soluble
688,H,o-Dichlorobenzene,1,soluble
689,H,alpha-bromonaphtaline,1,soluble
690,H,Cyclohexylchloride,4,theta
691,H,Benzene,1,soluble
692,H,Toluene,1,soluble
693,H,Xylene,4,theta
694,H,Ethyl_benzene,1,soluble
695,H,Styrene,1,soluble
696,H,Tetralin,5,non-soluble
697,H,Hexane,6,non-soluble
698,H,Cyclohexane,4,theta
699,H,Acetic_acid,1,soluble
700,H,Formic_acid_90,1,soluble
701,H,Butyric_acid,1,soluble
702,H,Benzaldehyde,1,soluble
703,H,Acetic_anhydride,1,soluble
704,I,Methanol ,3,theta
705,I,Ethanol_96,1,soluble
706,I,Ethanol_99p9,1,soluble
707,I,n-Propanol,1,soluble
708,I,n-Butanol,1,soluble
709,I,Pentanol-1,1,soluble
710,I,2-Ethyl_butanol,1,soluble
711,I,2-Ethyl_hexanol,1,soluble
712,I,Methyl_isobutyl_carbinol,1,soluble
713,I,Propylene_glycol,1,soluble
714,I,Ethylene_glycol,6,non-soluble
715,I,1_3-Butandiol,5,non-soluble
716,I,Glycerol,6,non-soluble
717,I,Cyclohexanol,1,soluble
718,I,m-Cresol,1,soluble
719,I,Ethyl_lactate,1,soluble
720,I,n-Butyl_lactate,1,soluble
721,I,Diethylene_glycol,4,theta
722,I,Dipropylene_glycol,1,soluble
723,I,2-Butoxyethanol,1,soluble
724,I,Methyl_dioxitol,1,soluble
725,I,Butyl_dioxitol,1,soluble
726,I,Oxitole,1,soluble
727,I,Diacetone_alcohol,1,soluble
728,I,Cellusolve_acetate,5,non-soluble
729,I,Methyl_Cellusolve,1,soluble
730,I,Diethyl_ether,6,non-soluble
731,I,Furan,3,theta
732,I,Dioxane,6,non-soluble
733,I,Methylal,6,non-soluble
734,I,Diethyl_sulfide,5,non-soluble
735,I,Carbon_disulfide,5,non-soluble
736,I,Dimethyl_sulphoxide,1,soluble
737,I,Propylene_carbonate,6,non-soluble
738,I,gamma_Butyrolactone,1,soluble
739,I,Acetone,6,non-soluble
740,I,Methyl_ethyl_ketone,6,non-soluble
741,I,Methyl_isobutyl_ketone,6,non-soluble
742,I,Methyl_isoamyl_ketone,6,non-soluble
743,I,Diisobutyl_ketone,6,non-soluble
744,I,Isophorone,1,soluble
745,I,Acetophenone,1,soluble
746,I,Cyclohexanone,1,soluble
747,I,Tetrahydrofuran,1,soluble
748,I,Mesityl_oxide,5,non-soluble
749,I,Ethyl_acetate,6,non-soluble
750,I,n-Butyl_acetate,6,non-soluble
751,I,Isoamyl_acetate,5,non-soluble
752,I,Isobutyl_isobutyrate,5,non-soluble
753,I,Acetonitrile,6,non-soluble
754,I,Butyronitrite,5,non-soluble
755,I,Nitromethane,5,non-soluble
756,I,Nitroethane,6,non-soluble
757,I,2-Nitropropane,6,non-soluble
758,I,Aniline,1,soluble
759,I,Nitrobenzene,1,soluble
760,I,Ethanolamine,5,non-soluble
761,I,Dimethyl_formamide,1,soluble
762,I,Dipropyl_amine,6,non-soluble
763,I,Diethyl_amine,4,theta
764,I,Morpholine,1,soluble
765,I,Cyclohexylamine,1,soluble
766,I,Pyridine,1,soluble
767,I,Carbon_terachloride,6,non-soluble
768,I,Chloroform,1,soluble
769,I,Ethylen_chloride,1,soluble
770,I,Methylene_chloride,1,soluble
771,I,1_1_1-Trichloroethane,6,non-soluble
772,I,1-Chlorobutane,3,theta
773,I,Trichloroethylene,1,soluble
774,I,2_2-Dichloro_diethyl_ether,5,non-soluble
775,I,Chlorobenzene,1,soluble
776,I,o-Dichlorobenzene,2,soluble
777,I,alpha-bromonaphtaline,6,non-soluble
778,I,Cyclohexylchloride,5,non-soluble
779,I,Benzene,5,non-soluble
780,I,Toluene,2,soluble
781,I,Xylene,5,non-soluble
782,I,Ethyl_benzene,4,theta
783,I,Styrene,3,theta
784,I,Tetralin,5,non-soluble
785,I,Hexane,6,non-soluble
786,I,Cyclohexane,6,non-soluble
787,I,Acetic_acid,1,soluble
788,I,Formic_acid_90,1,soluble
789,I,Butyric_acid,1,soluble
790,I,Benzaldehyde,1,soluble
791,I,Acetic_anhydride,1,soluble
792,J,Methanol ,1,soluble
793,J,Ethanol_96,6,non-soluble
794,J,Ethanol_99p9,3,theta
795,J,n-Propanol,6,non-soluble
796,J,n-Butanol,6,non-soluble
797,J,Pentanol-1,6,non-soluble
798,J,2-Ethyl_butanol,6,non-soluble
799,J,2-Ethyl_hexanol,6,non-soluble
800,J,Methyl_isobutyl_carbinol,6,non-soluble
801,J,Propylene_glycol,6,non-soluble
802,J,Ethylene_glycol,6,non-soluble
803,J,1_3-Butandiol,6,non-soluble
804,J,Glycerol,6,non-soluble
805,J,Cyclohexanol,6,non-soluble
806,J,m-Cresol,5,non-soluble
807,J,Ethyl_lactate,1,soluble
808,J,n-Butyl_lactate,1,soluble
809,J,Diethylene_glycol,1,soluble
810,J,Dipropylene_glycol,1,soluble
811,J,2-Butoxyethanol,1,soluble
812,J,Methyl_dioxitol,1,soluble
813,J,Butyl_dioxitol,1,soluble
814,J,Oxitole,1,soluble
815,J,Diacetone_alcohol,1,soluble
816,J,Cellusolve_acetate,1,soluble
817,J,Methyl_Cellusolve,1,soluble
818,J,Diethyl_ether,6,non-soluble
819,J,Furan,6,non-soluble
820,J,Dioxane,6,non-soluble
821,J,Methylal,1,soluble
822,J,Diethyl_sulfide,6,non-soluble
823,J,Carbon_disulfide,6,non-soluble
824,J,Dimethyl_sulphoxide,1,soluble
825,J,Propylene_carbonate,1,soluble
826,J,gamma_Butyrolactone,1,soluble
827,J,Acetone,1,soluble
828,J,Methyl_ethyl_ketone,1,soluble
829,J,Methyl_isobutyl_ketone,1,soluble
830,J,Methyl_isoamyl_ketone,1,soluble
831,J,Diisobutyl_ketone,1,soluble
832,J,Isophorone,1,soluble
833,J,Acetophenone,1,soluble
834,J,Cyclohexanone,1,soluble
835,J,Tetrahydrofuran,1,soluble
836,J,Mesityl_oxide,1,soluble
837,J,Ethyl_acetate,1,soluble
838,J,n-Butyl_acetate,1,soluble
839,J,Isoamyl_acetate,1,soluble
840,J,Isobutyl_isobutyrate,1,soluble
841,J,Acetonitrile,1,soluble
842,J,Butyronitrite,1,soluble
843,J,Nitromethane,1,soluble
844,J,Nitroethane,1,soluble
845,J,2-Nitropropane,1,soluble
846,J,Aniline,3,theta
847,J,Nitrobenzene,1,soluble
848,J,Ethanolamine,3,theta
849,J,Dimethyl_formamide,1,soluble
850,J,Dipropyl_amine,5,non-soluble
851,J,Diethyl_amine,3,theta
852,J,Morpholine,1,soluble
853,J,Cyclohexylamine,3,theta
854,J,Pyridine,1,soluble
855,J,Carbon_terachloride,6,non-soluble
856,J,Chloroform,6,non-soluble
857,J,Ethylen_chloride,6,non-soluble
858,J,Methylene_chloride,6,non-soluble
859,J,1_1_1-Trichloroethane,6,non-soluble
860,J,1-Chlorobutane,6,non-soluble
861,J,Trichloroethylene,6,non-soluble
862,J,2_2-Dichloro_diethyl_ether,5,non-soluble
863,J,Chlorobenzene,6,non-soluble
864,J,o-Dichlorobenzene,6,non-soluble
865,J,alpha-bromonaphtaline,6,non-soluble
866,J,Cyclohexylchloride,6,non-soluble
867,J,Benzene,6,non-soluble
868,J,Toluene,6,non-soluble
869,J,Xylene,5,non-soluble
870,J,Ethyl_benzene,6,non-soluble
871,J,Styrene,6,non-soluble
872,J,Tetralin,6,non-soluble
873,J,Hexane,6,non-soluble
874,J,Cyclohexane,6,non-soluble
875,J,Acetic_acid,1,soluble
876,J,Formic_acid_90,6,non-soluble
877,J,Butyric_acid,6,non-soluble
878,J,Benzaldehyde,1,soluble
879,J,Acetic_anhydride,1,soluble
880,K,Methanol ,6,non-soluble
881,K,Ethanol_96,6,non-soluble
882,K,Ethanol_99p9,6,non-soluble
883,K,n-Propanol,6,non-soluble
884,K,n-Butanol,6,non-soluble
885,K,Pentanol-1,6,non-soluble
886,K,2-Ethyl_butanol,6,non-soluble
887,K,2-Ethyl_hexanol,6,non-soluble
888,K,Methyl_isobutyl_carbinol,6,non-soluble
889,K,Propylene_glycol,6,non-soluble
890,K,Ethylene_glycol,6,non-soluble
891,K,1_3-Butandiol,6,non-soluble
892,K,Glycerol,6,non-soluble
893,K,Cyclohexanol,6,non-soluble
894,K,m-Cresol,6,non-soluble
895,K,Ethyl_lactate,5,non-soluble
896,K,n-Butyl_lactate,1,soluble
897,K,Diethylene_glycol,6,non-soluble
898,K,Dipropylene_glycol,6,non-soluble
899,K,2-Butoxyethanol,2,soluble
900,K,Methyl_dioxitol,4,theta
901,K,Butyl_dioxitol,1,soluble
902,K,Oxitole,5,non-soluble
903,K,Diacetone_alcohol,3,theta
904,K,Cellusolve_acetate,1,soluble
905,K,Methyl_Cellusolve,6,non-soluble
906,K,Diethyl_ether,6,non-soluble
907,K,Furan,3,theta
908,K,Dioxane,1,soluble
909,K,Methylal,5,non-soluble
910,K,Diethyl_sulfide,1,soluble
911,K,Carbon_disulfide,1,soluble
912,K,Dimethyl_sulphoxide,1,soluble
913,K,Propylene_carbonate,6,non-soluble
914,K,gamma_Butyrolactone,3,theta
915,K,Acetone,3,theta
916,K,Methyl_ethyl_ketone,1,soluble
917,K,Methyl_isobutyl_ketone,1,soluble
918,K,Methyl_isoamyl_ketone,1,soluble
919,K,Diisobutyl_ketone,1,soluble
920,K,Isophorone,1,soluble
921,K,Acetophenone,1,soluble
922,K,Cyclohexanone,1,soluble
923,K,Tetrahydrofuran,1,soluble
924,K,Mesityl_oxide,1,soluble
925,K,Ethyl_acetate,1,soluble
926,K,n-Butyl_acetate,1,soluble
927,K,Isoamyl_acetate,1,soluble
928,K,Isobutyl_isobutyrate,1,soluble
929,K,Acetonitrile,6,non-soluble
930,K,Butyronitrite,3,theta
931,K,Nitromethane,6,non-soluble
932,K,Nitroethane,5,non-soluble
933,K,2-Nitropropane,3,theta
934,K,Aniline,1,soluble
935,K,Nitrobenzene,1,soluble
936,K,Ethanolamine,3,theta
937,K,Dimethyl_formamide,1,soluble
938,K,Dipropyl_amine,5,non-soluble
939,K,Diethyl_amine,5,non-soluble
940,K,Morpholine,1,soluble
941,K,Cyclohexylamine,3,theta
942,K,Pyridine,1,soluble
943,K,Carbon_terachloride,1,soluble
944,K,Chloroform,1,soluble
945,K,Ethylen_chloride,1,soluble
946,K,Methylene_chloride,1,soluble
947,K,1_1_1-Trichloroethane,1,soluble
948,K,1-Chlorobutane,1,soluble
949,K,Trichloroethylene,1,soluble
950,K,2_2-Dichloro_diethyl_ether,1,soluble
951,K,Chlorobenzene,1,soluble
952,K,o-Dichlorobenzene,1,soluble
953,K,alpha-bromonaphtaline,1,soluble
954,K,Cyclohexylchloride,1,soluble
955,K,Benzene,1,soluble
956,K,Toluene,1,soluble
957,K,Xylene,1,soluble
958,K,Ethyl_benzene,1,soluble
959,K,Styrene,1,soluble
960,K,Tetralin,1,soluble
961,K,Hexane,6,non-soluble
962,K,Cyclohexane,6,non-soluble
963,K,Acetic_acid,6,non-soluble
964,K,Formic_acid_90,6,non-soluble
965,K,Butyric_acid,6,non-soluble
966,K,Benzaldehyde,1,soluble
967,K,Acetic_anhydride,6,non-soluble
968,L,Methanol ,6,non-soluble
969,L,Ethanol_96,6,non-soluble
970,L,Ethanol_99p9,6,non-soluble
971,L,n-Propanol,6,non-soluble
972,L,n-Butanol,6,non-soluble
973,L,Pentanol-1,6,non-soluble
974,L,2-Ethyl_butanol,6,non-soluble
975,L,2-Ethyl_hexanol,6,non-soluble
976,L,Methyl_isobutyl_carbinol,6,non-soluble
977,L,Propylene_glycol,6,non-soluble
978,L,Ethylene_glycol,6,non-soluble
979,L,1_3-Butandiol,6,non-soluble
980,L,Glycerol,6,non-soluble
981,L,Cyclohexanol,3,theta
982,L,m-Cresol,4,theta
983,L,Ethyl_lactate,1,soluble
984,L,n-Butyl_lactate,6,non-soluble
985,L,Diethylene_glycol,6,non-soluble
986,L,Dipropylene_glycol,6,non-soluble
987,L,2-Butoxyethanol,6,non-soluble
988,L,Methyl_dioxitol,4,theta
989,L,Butyl_dioxitol,6,non-soluble
990,L,Oxitole,6,non-soluble
991,L,Diacetone_alcohol,4,theta
992,L,Cellusolve_acetate,4,theta
993,L,Methyl_Cellusolve,4,theta
994,L,Diethyl_ether,6,non-soluble
995,L,Furan,6,non-soluble
996,L,Dioxane,1,soluble
997,L,Methylal,5,non-soluble
998,L,Diethyl_sulfide,6,non-soluble
999,L,Carbon_disulfide,6,non-soluble
1000,L,Dimethyl_sulphoxide,1,soluble
1001,L,Propylene_carbonate,3,theta
1002,L,gamma_Butyrolactone,1,soluble
1003,L,Acetone,1,soluble
1004,L,Methyl_ethyl_ketone,4,theta
1005,L,Methyl_isobutyl_ketone,6,non-soluble
1006,L,Methyl_isoamyl_ketone,6,non-soluble
1007,L,Diisobutyl_ketone,6,non-soluble
1008,L,Isophorone,6,non-soluble
1009,L,Acetophenone,1,soluble
1010,L,Cyclohexanone,3,theta
1011,L,Tetrahydrofuran,1,soluble
1012,L,Mesityl_oxide,6,non-soluble
1013,L,Ethyl_acetate,5,non-soluble
1014,L,n-Butyl_acetate,6,non-soluble
1015,L,Isoamyl_acetate,6,non-soluble
1016,L,Isobutyl_isobutyrate,6,non-soluble
1017,L,Acetonitrile,4,theta
1018,L,Butyronitrite,4,theta
1019,L,Nitromethane,1,soluble
1020,L,Nitroethane,5,non-soluble
1021,L,2-Nitropropane,5,non-soluble
1022,L,Aniline,3,theta
1023,L,Nitrobenzene,4,theta
1024,L,Ethanolamine,4,theta
1025,L,Dimethyl_formamide,1,soluble
1026,L,Dipropyl_amine,6,non-soluble
1027,L,Diethyl_amine,6,non-soluble
1028,L,Morpholine,1,soluble
1029,L,Cyclohexylamine,3,theta
1030,L,Pyridine,1,soluble
1031,L,Carbon_terachloride,6,non-soluble
1032,L,Chloroform,3,theta
1033,L,Ethylen_chloride,5,non-soluble
1034,L,Methylene_chloride,5,non-soluble
1035,L,1_1_1-Trichloroethane,6,non-soluble
1036,L,1-Chlorobutane,6,non-soluble
1037,L,Trichloroethylene,6,non-soluble
1038,L,2_2-Dichloro_diethyl_ether,5,non-soluble
1039,L,Chlorobenzene,6,non-soluble
1040,L,o-Dichlorobenzene,6,non-soluble
1041,L,alpha-bromonaphtaline,6,non-soluble
1042,L,Cyclohexylchloride,6,non-soluble
1043,L,Benzene,6,non-soluble
1044,L,Toluene,6,non-soluble
1045,L,Xylene,6,non-soluble
1046,L,Ethyl_benzene,6,non-soluble
1047,L,Styrene,6,non-soluble
1048,L,Tetralin,6,non-soluble
1049,L,Hexane,6,non-soluble
1050,L,Cyclohexane,6,non-soluble
1051,L,Acetic_acid,3,theta
1052,L,Formic_acid_90,1,soluble
1053,L,Butyric_acid,6,non-soluble
1054,L,Benzaldehyde,4,theta
1055,L,Acetic_anhydride,1,soluble
1056,M,Methanol ,2,soluble
1057,M,Ethanol_96,1,soluble
1058,M,Ethanol_99p9,1,soluble
1059,M,n-Propanol,1,soluble
1060,M,n-Butanol,1,soluble
1061,M,Pentanol-1,1,soluble
1062,M,2-Ethyl_butanol,1,soluble
1063,M,2-Ethyl_hexanol,1,soluble
1064,M,Methyl_isobutyl_carbinol,1,soluble
1065,M,Propylene_glycol,6,non-soluble
1066,M,Ethylene_glycol,6,non-soluble
1067,M,1_3-Butandiol,6,non-soluble
1068,M,Glycerol,6,non-soluble
1069,M,Cyclohexanol,1,soluble
1070,M,m-Cresol,1,soluble
1071,M,Ethyl_lactate,1,soluble
1072,M,n-Butyl_lactate,1,soluble
1073,M,Diethylene_glycol,4,theta
1074,M,Dipropylene_glycol,1,soluble
1075,M,2-Butoxyethanol,1,soluble
1076,M,Methyl_dioxitol,1,soluble
1077,M,Butyl_dioxitol,1,soluble
1078,M,Oxitole,1,soluble
1079,M,Diacetone_alcohol,1,soluble
1080,M,Cellusolve_acetate,1,soluble
1081,M,Methyl_Cellusolve,1,soluble
1082,M,Diethyl_ether,1,soluble
1083,M,Furan,1,soluble
1084,M,Dioxane,1,soluble
1085,M,Methylal,1,soluble
1086,M,Diethyl_sulfide,1,soluble
1087,M,Carbon_disulfide,1,soluble
1088,M,Dimethyl_sulphoxide,1,soluble
1089,M,Propylene_carbonate,1,soluble
1090,M,gamma_Butyrolactone,1,soluble
1091,M,Acetone,1,soluble
1092,M,Methyl_ethyl_ketone,1,soluble
1093,M,Methyl_isobutyl_ketone,1,soluble
1094,M,Methyl_isoamyl_ketone,1,soluble
1095,M,Diisobutyl_ketone,1,soluble
1096,M,Isophorone,1,soluble
1097,M,Acetophenone,1,soluble
1098,M,Cyclohexanone,1,soluble
1099,M,Tetrahydrofuran,1,soluble
1100,M,Mesityl_oxide,1,soluble
1101,M,Ethyl_acetate,1,soluble
1102,M,n-Butyl_acetate,1,soluble
1103,M,Isoamyl_acetate,1,soluble
1104,M,Isobutyl_isobutyrate,1,soluble
1105,M,Acetonitrile,1,soluble
1106,M,Butyronitrite,1,soluble
1107,M,Nitromethane,2,soluble
1108,M,Nitroethane,1,soluble
1109,M,2-Nitropropane,1,soluble
1110,M,Aniline,1,soluble
1111,M,Nitrobenzene,1,soluble
1112,M,Ethanolamine,1,soluble
1113,M,Dimethyl_formamide,1,soluble
1114,M,Dipropyl_amine,1,soluble
1115,M,Diethyl_amine,1,soluble
1116,M,Morpholine,1,soluble
1117,M,Cyclohexylamine,1,soluble
1118,M,Pyridine,1,soluble
1119,M,Carbon_terachloride,1,soluble
1120,M,Chloroform,1,soluble
1121,M,Ethylen_chloride,1,soluble
1122,M,Methylene_chloride,1,soluble
1123,M,1_1_1-Trichloroethane,1,soluble
1124,M,1-Chlorobutane,1,soluble
1125,M,Trichloroethylene,1,soluble
1126,M,2_2-Dichloro_diethyl_ether,1,soluble
1127,M,Chlorobenzene,1,soluble
1128,M,o-Dichlorobenzene,1,soluble
1129,M,alpha-bromonaphtaline,1,soluble
1130,M,Cyclohexylchloride,1,soluble
1131,M,Benzene,1,soluble
1132,M,Toluene,1,soluble
1133,M,Xylene,1,soluble
1134,M,Ethyl_benzene,1,soluble
1135,M,Styrene,1,soluble
1136,M,Tetralin,1,soluble
1137,M,Hexane,1,soluble
1138,M,Cyclohexane,1,soluble
1139,M,Acetic_acid,1,soluble
1140,M,Formic_acid_90,5,non-soluble
1141,M,Butyric_acid,1,soluble
1142,M,Benzaldehyde,1,soluble
1143,M,Acetic_anhydride,1,soluble
1144,N,Methanol ,1,soluble
1145,N,Ethanol_96,1,soluble
1146,N,Ethanol_99p9,1,soluble
1147,N,n-Propanol,1,soluble
1148,N,n-Butanol,1,soluble
1149,N,Pentanol-1,1,soluble
1150,N,2-Ethyl_butanol,6,non-soluble
1151,N,2-Ethyl_hexanol,6,non-soluble
1152,N,Methyl_isobutyl_carbinol,6,non-soluble
1153,N,Propylene_glycol,1,soluble
1154,N,Ethylene_glycol,1,soluble
1155,N,1_3-Butandiol,1,soluble
1156,N,Glycerol,6,non-soluble
1157,N,Cyclohexanol,1,soluble
1158,N,m-Cresol,1,soluble
1159,N,Ethyl_lactate,1,soluble
1160,N,n-Butyl_lactate,1,soluble
1161,N,Diethylene_glycol,1,soluble
1162,N,Dipropylene_glycol,1,soluble
1163,N,2-Butoxyethanol,1,soluble
1164,N,Methyl_dioxitol,1,soluble
1165,N,Butyl_dioxitol,1,soluble
1166,N,Oxitole,1,soluble
1167,N,Diacetone_alcohol,1,soluble
1168,N,Cellusolve_acetate,1,soluble
1169,N,Methyl_Cellusolve,1,soluble
1170,N,Diethyl_ether,5,non-soluble
1171,N,Furan,6,non-soluble
1172,N,Dioxane,1,soluble
1173,N,Methylal,3,theta
1174,N,Diethyl_sulfide,6,non-soluble
1175,N,Carbon_disulfide,6,non-soluble
1176,N,Dimethyl_sulphoxide,1,soluble
1177,N,Propylene_carbonate,1,soluble
1178,N,gamma_Butyrolactone,1,soluble
1179,N,Acetone,1,soluble
1180,N,Methyl_ethyl_ketone,1,soluble
1181,N,Methyl_isobutyl_ketone,1,soluble
1182,N,Methyl_isoamyl_ketone,1,soluble
1183,N,Diisobutyl_ketone,6,non-soluble
1184,N,Isophorone,1,soluble
1185,N,Acetophenone,1,soluble
1186,N,Cyclohexanone,1,soluble
1187,N,Tetrahydrofuran,1,soluble
1188,N,Mesityl_oxide,1,soluble
1189,N,Ethyl_acetate,1,soluble
1190,N,n-Butyl_acetate,6,non-soluble
1191,N,Isoamyl_acetate,6,non-soluble
1192,N,Isobutyl_isobutyrate,6,non-soluble
1193,N,Acetonitrile,5,non-soluble
1194,N,Butyronitrite,3,theta
1195,N,Nitromethane,6,non-soluble
1196,N,Nitroethane,6,non-soluble
1197,N,2-Nitropropane,6,non-soluble
1198,N,Aniline,1,soluble
1199,N,Nitrobenzene,5,non-soluble
1200,N,Ethanolamine,1,soluble
1201,N,Dimethyl_formamide,1,soluble
1202,N,Dipropyl_amine,1,soluble
1203,N,Diethyl_amine,1,soluble
1204,N,Morpholine,1,soluble
1205,N,Cyclohexylamine,1,soluble
1206,N,Pyridine,1,soluble
1207,N,Carbon_terachloride,6,non-soluble
1208,N,Chloroform,6,non-soluble
1209,N,Ethylen_chloride,6,non-soluble
1210,N,Methylene_chloride,6,non-soluble
1211,N,1_1_1-Trichloroethane,6,non-soluble
1212,N,1-Chlorobutane,6,non-soluble
1213,N,Trichloroethylene,6,non-soluble
1214,N,2_2-Dichloro_diethyl_ether,6,non-soluble
1215,N,Chlorobenzene,6,non-soluble
1216,N,o-Dichlorobenzene,6,non-soluble
1217,N,alpha-bromonaphtaline,6,non-soluble
1218,N,Cyclohexylchloride,6,non-soluble
1219,N,Benzene,6,non-soluble
1220,N,Toluene,6,non-soluble
1221,N,Xylene,6,non-soluble
1222,N,Ethyl_benzene,6,non-soluble
1223,N,Styrene,6,non-soluble
1224,N,Tetralin,6,non-soluble
1225,N,Hexane,6,non-soluble
1226,N,Cyclohexane,6,non-soluble
1227,N,Acetic_acid,4,theta
1228,N,Formic_acid_90,1,soluble
1229,N,Butyric_acid,6,non-soluble
1230,N,Benzaldehyde,1,soluble
1231,N,Acetic_anhydride,1,soluble
1232,O,Methanol ,4,theta
1233,O,Ethanol_96,5,non-soluble
1234,O,Ethanol_99p9,5,non-soluble
1235,O,n-Propanol,2,soluble
1236,O,n-Butanol,1,soluble
1237,O,Pentanol-1,1,soluble
1238,O,2-Ethyl_butanol,1,soluble
1239,O,2-Ethyl_hexanol,1,soluble
1240,O,Methyl_isobutyl_carbinol,1,soluble
1241,O,Propylene_glycol,6,non-soluble
1242,O,Ethylene_glycol,6,non-soluble
1243,O,1_3-Butandiol,6,non-soluble
1244,O,Glycerol,6,non-soluble
1245,O,Cyclohexanol,1,soluble
1246,O,m-Cresol,1,soluble
1247,O,Ethyl_lactate,1,soluble
1248,O,n-Butyl_lactate,1,soluble
1249,O,Diethylene_glycol,6,non-soluble
1250,O,Dipropylene_glycol,5,non-soluble
1251,O,2-Butoxyethanol,1,soluble
1252,O,Methyl_dioxitol,1,soluble
1253,O,Butyl_dioxitol,1,soluble
1254,O,Oxitole,1,soluble
1255,O,Diacetone_alcohol,1,soluble
1256,O,Cellusolve_acetate,1,soluble
1257,O,Methyl_Cellusolve,2,soluble
1258,O,Diethyl_ether,1,soluble
1259,O,Furan,1,soluble
1260,O,Dioxane,1,soluble
1261,O,Methylal,1,soluble
1262,O,Diethyl_sulfide,1,soluble
1263,O,Carbon_disulfide,1,soluble
1264,O,Dimethyl_sulphoxide,4,theta
1265,O,Propylene_carbonate,6,non-soluble
1266,O,gamma_Butyrolactone,5,non-soluble
1267,O,Acetone,3,theta
1268,O,Methyl_ethyl_ketone,1,soluble
1269,O,Methyl_isobutyl_ketone,1,soluble
1270,O,Methyl_isoamyl_ketone,1,soluble
1271,O,Diisobutyl_ketone,1,soluble
1272,O,Isophorone,1,soluble
1273,O,Acetophenone,1,soluble
1274,O,Cyclohexanone,1,soluble
1275,O,Tetrahydrofuran,1,soluble
1276,O,Mesityl_oxide,1,soluble
1277,O,Ethyl_acetate,1,soluble
1278,O,n-Butyl_acetate,1,soluble
1279,O,Isoamyl_acetate,1,soluble
1280,O,Isobutyl_isobutyrate,1,soluble
1281,O,Acetonitrile,5,non-soluble
1282,O,Butyronitrite,3,theta
1283,O,Nitromethane,6,non-soluble
1284,O,Nitroethane,3,theta
1285,O,2-Nitropropane,4,theta
1286,O,Aniline,1,soluble
1287,O,Nitrobenzene,1,soluble
1288,O,Ethanolamine,5,non-soluble
1289,O,Dimethyl_formamide,1,soluble
1290,O,Dipropyl_amine,1,soluble
1291,O,Diethyl_amine,1,soluble
1292,O,Morpholine,1,soluble
1293,O,Cyclohexylamine,1,soluble
1294,O,Pyridine,1,soluble
1295,O,Carbon_terachloride,1,soluble
1296,O,Chloroform,1,soluble
1297,O,Ethylen_chloride,1,soluble
1298,O,Methylene_chloride,1,soluble
1299,O,1_1_1-Trichloroethane,1,soluble
1300,O,1-Chlorobutane,1,soluble
1301,O,Trichloroethylene,1,soluble
1302,O,2_2-Dichloro_diethyl_ether,1,soluble
1303,O,Chlorobenzene,1,soluble
1304,O,o-Dichlorobenzene,1,soluble
1305,O,alpha-bromonaphtaline,1,soluble
1306,O,Cyclohexylchloride,1,soluble
1307,O,Benzene,1,soluble
1308,O,Toluene,1,soluble
1309,O,Xylene,1,soluble
1310,O,Ethyl_benzene,1,soluble
1311,O,Styrene,1,soluble
1312,O,Tetralin,1,soluble
1313,O,Hexane,5,non-soluble
1314,O,Cyclohexane,1,soluble
1315,O,Acetic_acid,4,theta
1316,O,Formic_acid_90,5,non-soluble
1317,O,Butyric_acid,1,soluble
1318,O,Benzaldehyde,1,soluble
1319,O,Acetic_anhydride,5,non-soluble
1320,P,Methanol ,1,soluble
1321,P,Ethanol_96,1,soluble
1322,P,Ethanol_99p9,1,soluble
1323,P,n-Propanol,1,soluble
1324,P,n-Butanol,1,soluble
1325,P,Pentanol-1,1,soluble
1326,P,2-Ethyl_butanol,1,soluble
1327,P,2-Ethyl_hexanol,1,soluble
1328,P,Methyl_isobutyl_carbinol,1,soluble
1329,P,Propylene_glycol,4,theta
1330,P,Ethylene_glycol,6,non-soluble
1331,P,1_3-Butandiol,1,soluble
1332,P,Glycerol,6,non-soluble
1333,P,Cyclohexanol,1,soluble
1334,P,m-Cresol,1,soluble
1335,P,Ethyl_lactate,1,soluble
1336,P,n-Butyl_lactate,1,soluble
1337,P,Diethylene_glycol,1,soluble
1338,P,Dipropylene_glycol,1,soluble
1339,P,2-Butoxyethanol,1,soluble
1340,P,Methyl_dioxitol,1,soluble
1341,P,Butyl_dioxitol,1,soluble
1342,P,Oxitole,1,soluble
1343,P,Diacetone_alcohol,1,soluble
1344,P,Cellusolve_acetate,1,soluble
1345,P,Methyl_Cellusolve,1,soluble
1346,P,Diethyl_ether,3,theta
1347,P,Furan,5,non-soluble
1348,P,Dioxane,1,soluble
1349,P,Methylal,1,soluble
1350,P,Diethyl_sulfide,5,non-soluble
1351,P,Carbon_disulfide,5,non-soluble
1352,P,Dimethyl_sulphoxide,1,soluble
1353,P,Propylene_carbonate,6,non-soluble
1354,P,gamma_Butyrolactone,1,soluble
1355,P,Acetone,1,soluble
1356,P,Methyl_ethyl_ketone,1,soluble
1357,P,Methyl_isobutyl_ketone,1,soluble
1358,P,Methyl_isoamyl_ketone,1,soluble
1359,P,Diisobutyl_ketone,2,soluble
1360,P,Isophorone,1,soluble
1361,P,Acetophenone,1,soluble
1362,P,Cyclohexanone,1,soluble
1363,P,Tetrahydrofuran,1,soluble
1364,P,Mesityl_oxide,1,soluble
1365,P,Ethyl_acetate,1,soluble
1366,P,n-Butyl_acetate,1,soluble
1367,P,Isoamyl_acetate,5,non-soluble
1368,P,Isobutyl_isobutyrate,6,non-soluble
1369,P,Acetonitrile,6,non-soluble
1370,P,Butyronitrite,4,theta
1371,P,Nitromethane,6,non-soluble
1372,P,Nitroethane,6,non-soluble
1373,P,2-Nitropropane,6,non-soluble
1374,P,Aniline,1,soluble
1375,P,Nitrobenzene,3,theta
1376,P,Ethanolamine,1,soluble
1377,P,Dimethyl_formamide,1,soluble
1378,P,Dipropyl_amine,5,non-soluble
1379,P,Diethyl_amine,5,non-soluble
1380,P,Morpholine,1,soluble
1381,P,Cyclohexylamine,5,non-soluble
1382,P,Pyridine,1,soluble
1383,P,Carbon_terachloride,5,non-soluble
1384,P,Chloroform,3,theta
1385,P,Ethylen_chloride,4,theta
1386,P,Methylene_chloride,5,non-soluble
1387,P,1_1_1-Trichloroethane,3,theta
1388,P,1-Chlorobutane,3,theta
1389,P,Trichloroethylene,4,theta
1390,P,2_2-Dichloro_diethyl_ether,6,non-soluble
1391,P,Chlorobenzene,5,non-soluble
1392,P,o-Dichlorobenzene,4,theta
1393,P,alpha-bromonaphtaline,6,non-soluble
1394,P,Cyclohexylchloride,6,non-soluble
1395,P,Benzene,6,non-soluble
1396,P,Toluene,6,non-soluble
1397,P,Xylene,6,non-soluble
1398,P,Ethyl_benzene,6,non-soluble
1399,P,Styrene,4,theta
1400,P,Tetralin,4,theta
1401,P,Hexane,5,non-soluble
1402,P,Cyclohexane,5,non-soluble
1403,P,Acetic_acid,1,soluble
1404,P,Formic_acid_90,6,non-soluble
1405,P,Butyric_acid,1,soluble
1406,P,Benzaldehyde,1,soluble
1407,P,Acetic_anhydride,1,soluble
1408,Q,Methanol ,5,non-soluble
1409,Q,Ethanol_96,5,non-soluble
1410,Q,Ethanol_99p9,5,non-soluble
1411,Q,n-Propanol,6,non-soluble
1412,Q,n-Butanol,6,non-soluble
1413,Q,Pentanol-1,6,non-soluble
1414,Q,2-Ethyl_butanol,6,non-soluble
1415,Q,2-Ethyl_hexanol,6,non-soluble
1416,Q,Methyl_isobutyl_carbinol,6,non-soluble
1417,Q,Propylene_glycol,6,non-soluble
1418,Q,Ethylene_glycol,6,non-soluble
1419,Q,1_3-Butandiol,4,theta
1420,Q,Glycerol,6,non-soluble
1421,Q,Cyclohexanol,5,non-soluble
1422,Q,m-Cresol,1,soluble
1423,Q,Ethyl_lactate,1,soluble
1424,Q,n-Butyl_lactate,3,theta
1425,Q,Diethylene_glycol,1,soluble
1426,Q,Dipropylene_glycol,1,soluble
1427,Q,2-Butoxyethanol,1,soluble
1428,Q,Methyl_dioxitol,1,soluble
1429,Q,Butyl_dioxitol,1,soluble
1430,Q,Oxitole,1,soluble
1431,Q,Diacetone_alcohol,1,soluble
1432,Q,Cellusolve_acetate,1,soluble
1433,Q,Methyl_Cellusolve,1,soluble
1434,Q,Diethyl_ether,6,non-soluble
1435,Q,Furan,5,non-soluble
1436,Q,Dioxane,1,soluble
1437,Q,Methylal,5,non-soluble
1438,Q,Diethyl_sulfide,6,non-soluble
1439,Q,Carbon_disulfide,4,theta
1440,Q,Dimethyl_sulphoxide,1,soluble
1441,Q,Propylene_carbonate,1,soluble
1442,Q,gamma_Butyrolactone,1,soluble
1443,Q,Acetone,1,soluble
1444,Q,Methyl_ethyl_ketone,1,soluble
1445,Q,Methyl_isobutyl_ketone,4,theta
1446,Q,Methyl_isoamyl_ketone,6,non-soluble
1447,Q,Diisobutyl_ketone,6,non-soluble
1448,Q,Isophorone,1,soluble
1449,Q,Acetophenone,1,soluble
1450,Q,Cyclohexanone,1,soluble
1451,Q,Tetrahydrofuran,1,soluble
1452,Q,Mesityl_oxide,1,soluble
1453,Q,Ethyl_acetate,1,soluble
1454,Q,n-Butyl_acetate,6,non-soluble
1455,Q,Isoamyl_acetate,6,non-soluble
1456,Q,Isobutyl_isobutyrate,6,non-soluble
1457,Q,Acetonitrile,5,non-soluble
1458,Q,Butyronitrite,5,non-soluble
1459,Q,Nitromethane,5,non-soluble
1460,Q,Nitroethane,5,non-soluble
1461,Q,2-Nitropropane,4,theta
1462,Q,Aniline,1,soluble
1463,Q,Nitrobenzene,2,soluble
1464,Q,Ethanolamine,5,non-soluble
1465,Q,Dimethyl_formamide,1,soluble
1466,Q,Dipropyl_amine,5,non-soluble
1467,Q,Diethyl_amine,5,non-soluble
1468,Q,Morpholine,1,soluble
1469,Q,Cyclohexylamine,6,non-soluble
1470,Q,Pyridine,1,soluble
1471,Q,Carbon_terachloride,6,non-soluble
1472,Q,Chloroform,3,theta
1473,Q,Ethylen_chloride,5,non-soluble
1474,Q,Methylene_chloride,3,theta
1475,Q,1_1_1-Trichloroethane,6,non-soluble
1476,Q,1-Chlorobutane,6,non-soluble
1477,Q,Trichloroethylene,5,non-soluble
1478,Q,2_2-Dichloro_diethyl_ether,5,non-soluble
1479,Q,Chlorobenzene,6,non-soluble
1480,Q,o-Dichlorobenzene,6,non-soluble
1481,Q,alpha-bromonaphtaline,6,non-soluble
1482,Q,Cyclohexylchloride,6,non-soluble
1483,Q,Benzene,6,non-soluble
1484,Q,Toluene,6,non-soluble
1485,Q,Xylene,6,non-soluble
1486,Q,Ethyl_benzene,6,non-soluble
1487,Q,Styrene,6,non-soluble
1488,Q,Tetralin,6,non-soluble
1489,Q,Hexane,6,non-soluble
1490,Q,Cyclohexane,6,non-soluble
1491,Q,Acetic_acid,4,theta
1492,Q,Formic_acid_90,2,soluble
1493,Q,Butyric_acid,6,non-soluble
1494,Q,Benzaldehyde,1,soluble
1495,Q,Acetic_anhydride,4,theta
1496,R,Methanol ,4,theta
1497,R,Ethanol_96,5,non-soluble
1498,R,Ethanol_99p9,4,theta
1499,R,n-Propanol,4,theta
1500,R,n-Butanol,4,theta
1501,R,Pentanol-1,5,non-soluble
1502,R,2-Ethyl_butanol,3,theta
1503,R,2-Ethyl_hexanol,4,theta
1504,R,Methyl_isobutyl_carbinol,4,theta
1505,R,Propylene_glycol,5,non-soluble
1506,R,Ethylene_glycol,5,non-soluble
1507,R,1_3-Butandiol,6,non-soluble
1508,R,Glycerol,4,theta
1509,R,Cyclohexanol,2,soluble
1510,R,m-Cresol,1,soluble
1511,R,Ethyl_lactate,1,soluble
1512,R,n-Butyl_lactate,1,soluble
1513,R,Diethylene_glycol,5,non-soluble
1514,R,Dipropylene_glycol,5,non-soluble
1515,R,2-Butoxyethanol,1,soluble
1516,R,Methyl_dioxitol,1,soluble
1517,R,Butyl_dioxitol,1,soluble
1518,R,Oxitole,1,soluble
1519,R,Diacetone_alcohol,1,soluble
1520,R,Cellusolve_acetate,1,soluble
1521,R,Methyl_Cellusolve,1,soluble
1522,R,Diethyl_ether,5,non-soluble
1523,R,Furan,1,soluble
1524,R,Dioxane,1,soluble
1525,R,Methylal,1,soluble
1526,R,Diethyl_sulfide,1,soluble
1527,R,Carbon_disulfide,3,theta
1528,R,Dimethyl_sulphoxide,1,soluble
1529,R,Propylene_carbonate,1,soluble
1530,R,gamma_Butyrolactone,1,soluble
1531,R,Acetone,1,soluble
1532,R,Methyl_ethyl_ketone,1,soluble
1533,R,Methyl_isobutyl_ketone,1,soluble
1534,R,Methyl_isoamyl_ketone,1,soluble
1535,R,Diisobutyl_ketone,1,soluble
1536,R,Isophorone,1,soluble
1537,R,Acetophenone,1,soluble
1538,R,Cyclohexanone,1,soluble
1539,R,Tetrahydrofuran,1,soluble
1540,R,Mesityl_oxide,1,soluble
1541,R,Ethyl_acetate,1,soluble
1542,R,n-Butyl_acetate,1,soluble
1543,R,Isoamyl_acetate,1,soluble
1544,R,Isobutyl_isobutyrate,1,soluble
1545,R,Acetonitrile,2,soluble
1546,R,Butyronitrite,1,soluble
1547,R,Nitromethane,2,soluble
1548,R,Nitroethane,1,soluble
1549,R,2-Nitropropane,1,soluble
1550,R,Aniline,1,soluble
1551,R,Nitrobenzene,1,soluble
1552,R,Ethanolamine,6,non-soluble
1553,R,Dimethyl_formamide,1,soluble
1554,R,Dipropyl_amine,1,soluble
1555,R,Diethyl_amine,1,soluble
1556,R,Morpholine,1,soluble
1557,R,Cyclohexylamine,1,soluble
1558,R,Pyridine,1,soluble
1559,R,Carbon_terachloride,1,soluble
1560,R,Chloroform,1,soluble
1561,R,Ethylen_chloride,1,soluble
1562,R,Methylene_chloride,1,soluble
1563,R,1_1_1-Trichloroethane,1,soluble
1564,R,1-Chlorobutane,1,soluble
1565,R,Trichloroethylene,1,soluble
1566,R,2_2-Dichloro_diethyl_ether,1,soluble
1567,R,Chlorobenzene,1,soluble
1568,R,o-Dichlorobenzene,1,soluble
1569,R,alpha-bromonaphtaline,1,soluble
1570,R,Cyclohexylchloride,1,soluble
1571,R,Benzene,1,soluble
1572,R,Toluene,1,soluble
1573,R,Xylene,1,soluble
1574,R,Ethyl_benzene,1,soluble
1575,R,Styrene,1,soluble
1576,R,Tetralin,1,soluble
1577,R,Hexane,5,non-soluble
1578,R,Cyclohexane,5,non-soluble
1579,R,Acetic_acid,1,soluble
1580,R,Formic_acid_90,5,non-soluble
1581,R,Butyric_acid,1,soluble
1582,R,Benzaldehyde,1,soluble
1583,R,Acetic_anhydride,1,soluble
1584,S,Methanol ,1,soluble
1585,S,Ethanol_96,1,soluble
1586,S,Ethanol_99p9,1,soluble
1587,S,n-Propanol,2,soluble
1588,S,n-Butanol,3,theta
1589,S,Pentanol-1,6,non-soluble
1590,S,2-Ethyl_butanol,3,theta
1591,S,2-Ethyl_hexanol,4,theta
1592,S,Methyl_isobutyl_carbinol,4,theta
1593,S,Propylene_glycol,1,soluble
1594,S,Ethylene_glycol,2,soluble
1595,S,1_3-Butandiol,1,soluble
1596,S,Glycerol,3,theta
1597,S,Cyclohexanol,1,soluble
1598,S,m-Cresol,1,soluble
1599,S,Ethyl_lactate,1,soluble
1600,S,n-Butyl_lactate,1,soluble
1601,S,Diethylene_glycol,1,soluble
1602,S,Dipropylene_glycol,1,soluble
1603,S,2-Butoxyethanol,1,soluble
1604,S,Methyl_dioxitol,1,soluble
1605,S,Butyl_dioxitol,1,soluble
1606,S,Oxitole,1,soluble
1607,S,Diacetone_alcohol,1,soluble
1608,S,Cellusolve_acetate,1,soluble
1609,S,Methyl_Cellusolve,1,soluble
1610,S,Diethyl_ether,3,theta
1611,S,Furan,1,soluble
1612,S,Dioxane,1,soluble
1613,S,Methylal,1,soluble
1614,S,Diethyl_sulfide,4,theta
1615,S,Carbon_disulfide,3,theta
1616,S,Dimethyl_sulphoxide,1,soluble
1617,S,Propylene_carbonate,1,soluble
1618,S,gamma_Butyrolactone,1,soluble
1619,S,Acetone,1,soluble
1620,S,Methyl_ethyl_ketone,1,soluble
1621,S,Methyl_isobutyl_ketone,1,soluble
1622,S,Methyl_isoamyl_ketone,1,soluble
1623,S,Diisobutyl_ketone,1,soluble
1624,S,Isophorone,1,soluble
1625,S,Acetophenone,1,soluble
1626,S,Cyclohexanone,1,soluble
1627,S,Tetrahydrofuran,1,soluble
1628,S,Mesityl_oxide,1,soluble
1629,S,Ethyl_acetate,1,soluble
1630,S,n-Butyl_acetate,1,soluble
1631,S,Isoamyl_acetate,1,soluble
1632,S,Isobutyl_isobutyrate,3,theta
1633,S,Acetonitrile,1,soluble
1634,S,Butyronitrite,1,soluble
1635,S,Nitromethane,1,soluble
1636,S,Nitroethane,1,soluble
1637,S,2-Nitropropane,1,soluble
1638,S,Aniline,1,soluble
1639,S,Nitrobenzene,1,soluble
1640,S,Ethanolamine,1,soluble
1641,S,Dimethyl_formamide,1,soluble
1642,S,Dipropyl_amine,2,soluble
1643,S,Diethyl_amine,1,soluble
1644,S,Morpholine,1,soluble
1645,S,Cyclohexylamine,3,theta
1646,S,Pyridine,1,soluble
1647,S,Carbon_terachloride,5,non-soluble
1648,S,Chloroform,1,soluble
1649,S,Ethylen_chloride,1,soluble
1650,S,Methylene_chloride,1,soluble
1651,S,1_1_1-Trichloroethane,3,theta
1652,S,1-Chlorobutane,3,theta
1653,S,Trichloroethylene,1,soluble
1654,S,2_2-Dichloro_diethyl_ether,1,soluble
1655,S,Chlorobenzene,1,soluble
1656,S,o-Dichlorobenzene,1,soluble
1657,S,alpha-bromonaphtaline,4,theta
1658,S,Cyclohexylchloride,4,theta
1659,S,Benzene,2,soluble
1660,S,Toluene,3,theta
1661,S,Xylene,3,theta
1662,S,Ethyl_benzene,3,theta
1663,S,Styrene,1,soluble
1664,S,Tetralin,2,soluble
1665,S,Hexane,6,non-soluble
1666,S,Cyclohexane,5,non-soluble
1667,S,Acetic_acid,1,soluble
1668,S,Formic_acid_90,1,soluble
1669,S,Butyric_acid,1,soluble
1670,S,Benzaldehyde,1,soluble
1671,S,Acetic_anhydride,1,soluble
1672,T,Methanol ,6,non-soluble
1673,T,Ethanol_96,6,non-soluble
1674,T,Ethanol_99p9,6,non-soluble
1675,T,n-Propanol,6,non-soluble
1676,T,n-Butanol,6,non-soluble
1677,T,Pentanol-1,6,non-soluble
1678,T,2-Ethyl_butanol,6,non-soluble
1679,T,2-Ethyl_hexanol,6,non-soluble
1680,T,Methyl_isobutyl_carbinol,6,non-soluble
1681,T,Propylene_glycol,6,non-soluble
1682,T,Ethylene_glycol,6,non-soluble
1683,T,1_3-Butandiol,5,non-soluble
1684,T,Glycerol,6,non-soluble
1685,T,Cyclohexanol,5,non-soluble
1686,T,m-Cresol,5,non-soluble
1687,T,Ethyl_lactate,6,non-soluble
1688,T,n-Butyl_lactate,6,non-soluble
1689,T,Diethylene_glycol,6,non-soluble
1690,T,Dipropylene_glycol,6,non-soluble
1691,T,2-Butoxyethanol,6,non-soluble
1692,T,Methyl_dioxitol,6,non-soluble
1693,T,Butyl_dioxitol,6,non-soluble
1694,T,Oxitole,6,non-soluble
1695,T,Diacetone_alcohol,6,non-soluble
1696,T,Cellusolve_acetate,5,non-soluble
1697,T,Methyl_Cellusolve,6,non-soluble
1698,T,Diethyl_ether,1,soluble
1699,T,Furan,1,soluble
1700,T,Dioxane,1,soluble
1701,T,Methylal,5,non-soluble
1702,T,Diethyl_sulfide,1,soluble
1703,T,Carbon_disulfide,1,soluble
1704,T,Dimethyl_sulphoxide,6,non-soluble
1705,T,Propylene_carbonate,6,non-soluble
1706,T,gamma_Butyrolactone,6,non-soluble
1707,T,Acetone,6,non-soluble
1708,T,Methyl_ethyl_ketone,4,theta
1709,T,Methyl_isobutyl_ketone,1,soluble
1710,T,Methyl_isoamyl_ketone,1,soluble
1711,T,Diisobutyl_ketone,1,soluble
1712,T,Isophorone,1,soluble
1713,T,Acetophenone,1,soluble
1714,T,Cyclohexanone,1,soluble
1715,T,Tetrahydrofuran,1,soluble
1716,T,Mesityl_oxide,1,soluble
1717,T,Ethyl_acetate,3,theta
1718,T,n-Butyl_acetate,1,soluble
1719,T,Isoamyl_acetate,1,soluble
1720,T,Isobutyl_isobutyrate,1,soluble
1721,T,Acetonitrile,6,non-soluble
1722,T,Butyronitrite,6,non-soluble
1723,T,Nitromethane,6,non-soluble
1724,T,Nitroethane,6,non-soluble
1725,T,2-Nitropropane,6,non-soluble
1726,T,Aniline,6,non-soluble
1727,T,Nitrobenzene,1,soluble
1728,T,Ethanolamine,6,non-soluble
1729,T,Dimethyl_formamide,6,non-soluble
1730,T,Dipropyl_amine,1,soluble
1731,T,Diethyl_amine,1,soluble
1732,T,Morpholine,4,theta
1733,T,Cyclohexylamine,1,soluble
1734,T,Pyridine,1,soluble
1735,T,Carbon_terachloride,1,soluble
1736,T,Chloroform,1,soluble
1737,T,Ethylen_chloride,1,soluble
1738,T,Methylene_chloride,1,soluble
1739,T,1_1_1-Trichloroethane,1,soluble
1740,T,1-Chlorobutane,1,soluble
1741,T,Trichloroethylene,1,soluble
1742,T,2_2-Dichloro_diethyl_ether,5,non-soluble
1743,T,Chlorobenzene,1,soluble
1744,T,o-Dichlorobenzene,1,soluble
1745,T,alpha-bromonaphtaline,1,soluble
1746,T,Cyclohexylchloride,1,soluble
1747,T,Benzene,1,soluble
1748,T,Toluene,1,soluble
1749,T,Xylene,1,soluble
1750,T,Ethyl_benzene,1,soluble
1751,T,Styrene,1,soluble
1752,T,Tetralin,1,soluble
1753,T,Hexane,3,theta
1754,T,Cyclohexane,1,soluble
1755,T,Acetic_acid,6,non-soluble
1756,T,Formic_acid_90,6,non-soluble
1757,T,Butyric_acid,4,theta
1758,T,Benzaldehyde,2,soluble
1759,T,Acetic_anhydride,6,non-soluble
1760,U,Methanol ,5,non-soluble
1761,U,Ethanol_96,6,non-soluble
1762,U,Ethanol_99p9,6,non-soluble
1763,U,n-Propanol,6,non-soluble
1764,U,n-Butanol,6,non-soluble
1765,U,Pentanol-1,6,non-soluble
1766,U,2-Ethyl_butanol,6,non-soluble
1767,U,2-Ethyl_hexanol,6,non-soluble
1768,U,Methyl_isobutyl_carbinol,5,non-soluble
1769,U,Propylene_glycol,6,non-soluble
1770,U,Ethylene_glycol,4,theta
1771,U,1_3-Butandiol,5,non-soluble
1772,U,Glycerol,6,non-soluble
1773,U,Cyclohexanol,5,non-soluble
1774,U,m-Cresol,1,soluble
1775,U,Ethyl_lactate,4,theta
1776,U,n-Butyl_lactate,1,soluble
1777,U,Diethylene_glycol,6,non-soluble
1778,U,Dipropylene_glycol,6,non-soluble
1779,U,2-Butoxyethanol,4,theta
1780,U,Methyl_dioxitol,3,theta
1781,U,Butyl_dioxitol,4,theta
1782,U,Oxitole,4,theta
1783,U,Diacetone_alcohol,1,soluble
1784,U,Cellusolve_acetate,1,soluble
1785,U,Methyl_Cellusolve,5,non-soluble
1786,U,Diethyl_ether,6,non-soluble
1787,U,Furan,1,soluble
1788,U,Dioxane,1,soluble
1789,U,Methylal,1,soluble
1790,U,Diethyl_sulfide,1,soluble
1791,U,Carbon_disulfide,4,theta
1792,U,Dimethyl_sulphoxide,5,non-soluble
1793,U,Propylene_carbonate,4,theta
1794,U,gamma_Butyrolactone,1,soluble
1795,U,Acetone,1,soluble
1796,U,Methyl_ethyl_ketone,1,soluble
1797,U,Methyl_isobutyl_ketone,1,soluble
1798,U,Methyl_isoamyl_ketone,1,soluble
1799,U,Diisobutyl_ketone,1,soluble
1800,U,Isophorone,1,soluble
1801,U,Acetophenone,1,soluble
1802,U,Cyclohexanone,1,soluble
1803,U,Tetrahydrofuran,1,soluble
1804,U,Mesityl_oxide,1,soluble
1805,U,Ethyl_acetate,1,soluble
1806,U,n-Butyl_acetate,1,soluble
1807,U,Isoamyl_acetate,1,soluble
1808,U,Isobutyl_isobutyrate,1,soluble
1809,U,Acetonitrile,5,non-soluble
1810,U,Butyronitrite,1,soluble
1811,U,Nitromethane,1,soluble
1812,U,Nitroethane,1,soluble
1813,U,2-Nitropropane,1,soluble
1814,U,Aniline,1,soluble
1815,U,Nitrobenzene,1,soluble
1816,U,Ethanolamine,6,non-soluble
1817,U,Dimethyl_formamide,1,soluble
1818,U,Dipropyl_amine,4,theta
1819,U,Diethyl_amine,1,soluble
1820,U,Morpholine,1,soluble
1821,U,Cyclohexylamine,1,soluble
1822,U,Pyridine,1,soluble
1823,U,Carbon_terachloride,5,non-soluble
1824,U,Chloroform,1,soluble
1825,U,Ethylen_chloride,1,soluble
1826,U,Methylene_chloride,1,soluble
1827,U,1_1_1-Trichloroethane,1,soluble
1828,U,1-Chlorobutane,1,soluble
1829,U,Trichloroethylene,1,soluble
1830,U,2_2-Dichloro_diethyl_ether,1,soluble
1831,U,Chlorobenzene,1,soluble
1832,U,o-Dichlorobenzene,1,soluble
1833,U,alpha-bromonaphtaline,1,soluble
1834,U,Cyclohexylchloride,1,soluble
1835,U,Benzene,1,soluble
1836,U,Toluene,1,soluble
1837,U,Xylene,1,soluble
1838,U,Ethyl_benzene,1,soluble
1839,U,Styrene,1,soluble
1840,U,Tetralin,1,soluble
1841,U,Hexane,6,non-soluble
1842,U,Cyclohexane,6,non-soluble
1843,U,Acetic_acid,6,non-soluble
1844,U,Formic_acid_90,6,non-soluble
1845,U,Butyric_acid,5,non-soluble
1846,U,Benzaldehyde,1,soluble
1847,U,Acetic_anhydride,2,soluble
1848,V,Methanol ,6,non-soluble
1849,V,Ethanol_96,6,non-soluble
1850,V,Ethanol_99p9,6,non-soluble
1851,V,n-Propanol,6,non-soluble
1852,V,n-Butanol,6,non-soluble
1853,V,Pentanol-1,6,non-soluble
1854,V,2-Ethyl_butanol,6,non-soluble
1855,V,2-Ethyl_hexanol,5,non-soluble
1856,V,Methyl_isobutyl_carbinol,6,non-soluble
1857,V,Propylene_glycol,6,non-soluble
1858,V,Ethylene_glycol,6,non-soluble
1859,V,1_3-Butandiol,6,non-soluble
1860,V,Glycerol,5,non-soluble
1861,V,Cyclohexanol,5,non-soluble
1862,V,m-Cresol,5,non-soluble
1863,V,Ethyl_lactate,6,non-soluble
1864,V,n-Butyl_lactate,6,non-soluble
1865,V,Diethylene_glycol,6,non-soluble
1866,V,Dipropylene_glycol,6,non-soluble
1867,V,2-Butoxyethanol,6,non-soluble
1868,V,Methyl_dioxitol,6,non-soluble
1869,V,Butyl_dioxitol,5,non-soluble
1870,V,Oxitole,6,non-soluble
1871,V,Diacetone_alcohol,6,non-soluble
1872,V,Cellusolve_acetate,6,non-soluble
1873,V,Methyl_Cellusolve,6,non-soluble
1874,V,Diethyl_ether,1,soluble
1875,V,Furan,1,soluble
1876,V,Dioxane,4,theta
1877,V,Methylal,4,theta
1878,V,Diethyl_sulfide,1,soluble
1879,V,Carbon_disulfide,1,soluble
1880,V,Dimethyl_sulphoxide,6,non-soluble
1881,V,Propylene_carbonate,6,non-soluble
1882,V,gamma_Butyrolactone,6,non-soluble
1883,V,Acetone,6,non-soluble
1884,V,Methyl_ethyl_ketone,4,theta
1885,V,Methyl_isobutyl_ketone,1,soluble
1886,V,Methyl_isoamyl_ketone,1,soluble
1887,V,Diisobutyl_ketone,1,soluble
1888,V,Isophorone,1,soluble
1889,V,Acetophenone,5,non-soluble
1890,V,Cyclohexanone,1,soluble
1891,V,Tetrahydrofuran,1,soluble
1892,V,Mesityl_oxide,1,soluble
1893,V,Ethyl_acetate,5,non-soluble
1894,V,n-Butyl_acetate,1,soluble
1895,V,Isoamyl_acetate,1,soluble
1896,V,Isobutyl_isobutyrate,1,soluble
1897,V,Acetonitrile,6,non-soluble
1898,V,Butyronitrite,5,non-soluble
1899,V,Nitromethane,6,non-soluble
1900,V,Nitroethane,6,non-soluble
1901,V,2-Nitropropane,6,non-soluble
1902,V,Aniline,6,non-soluble
1903,V,Nitrobenzene,1,soluble
1904,V,Ethanolamine,6,non-soluble
1905,V,Dimethyl_formamide,5,non-soluble
1906,V,Dipropyl_amine,1,soluble
1907,V,Diethyl_amine,1,soluble
1908,V,Morpholine,5,non-soluble
1909,V,Cyclohexylamine,1,soluble
1910,V,Pyridine,5,non-soluble
1911,V,Carbon_terachloride,1,soluble
1912,V,Chloroform,1,soluble
1913,V,Ethylen_chloride,1,soluble
1914,V,Methylene_chloride,1,soluble
1915,V,1_1_1-Trichloroethane,1,soluble
1916,V,1-Chlorobutane,1,soluble
1917,V,Trichloroethylene,1,soluble
1918,V,2_2-Dichloro_diethyl_ether,6,non-soluble
1919,V,Chlorobenzene,1,soluble
1920,V,o-Dichlorobenzene,1,soluble
1921,V,alpha-bromonaphtaline,1,soluble
1922,V,Cyclohexylchloride,1,soluble
1923,V,Benzene,1,soluble
1924,V,Toluene,1,soluble
1925,V,Xylene,1,soluble
1926,V,Ethyl_benzene,1,soluble
1927,V,Styrene,1,soluble
1928,V,Tetralin,1,soluble
1929,V,Hexane,1,soluble
1930,V,Cyclohexane,1,soluble
1931,V,Acetic_acid,6,non-soluble
1932,V,Formic_acid_90,6,non-soluble
1933,V,Butyric_acid,4,theta
1934,V,Benzaldehyde,5,non-soluble
1935,V,Acetic_anhydride,6,non-soluble
1936,X,Methanol ,6,non-soluble
1937,X,Ethanol_96,6,non-soluble
1938,X,Ethanol_99p9,6,non-soluble
1939,X,n-Propanol,1,soluble
1940,X,n-Butanol,1,soluble
1941,X,Pentanol-1,1,soluble
1942,X,2-Ethyl_butanol,1,soluble
1943,X,2-Ethyl_hexanol,1,soluble
1944,X,Methyl_isobutyl_carbinol,1,soluble
1945,X,Propylene_glycol,6,non-soluble
1946,X,Ethylene_glycol,6,non-soluble
1947,X,1_3-Butandiol,6,non-soluble
1948,X,Glycerol,6,non-soluble
1949,X,Cyclohexanol,1,soluble
1950,X,m-Cresol,1,soluble
1951,X,Ethyl_lactate,6,non-soluble
1952,X,n-Butyl_lactate,5,non-soluble
1953,X,Diethylene_glycol,6,non-soluble
1954,X,Dipropylene_glycol,6,non-soluble
1955,X,2-Butoxyethanol,1,soluble
1956,X,Methyl_dioxitol,6,non-soluble
1957,X,Butyl_dioxitol,5,non-soluble
1958,X,Oxitole,6,non-soluble
1959,X,Diacetone_alcohol,6,non-soluble
1960,X,Cellusolve_acetate,6,non-soluble
1961,X,Methyl_Cellusolve,6,non-soluble
1962,X,Diethyl_ether,1,soluble
1963,X,Furan,1,soluble
1964,X,Dioxane,5,non-soluble
1965,X,Methylal,1,soluble
1966,X,Diethyl_sulfide,1,soluble
1967,X,Carbon_disulfide,1,soluble
1968,X,Dimethyl_sulphoxide,6,non-soluble
1969,X,Propylene_carbonate,6,non-soluble
1970,X,gamma_Butyrolactone,6,non-soluble
1971,X,Acetone,6,non-soluble
1972,X,Methyl_ethyl_ketone,1,soluble
1973,X,Methyl_isobutyl_ketone,1,soluble
1974,X,Methyl_isoamyl_ketone,1,soluble
1975,X,Diisobutyl_ketone,1,soluble
1976,X,Isophorone,1,soluble
1977,X,Acetophenone,5,non-soluble
1978,X,Cyclohexanone,1,soluble
1979,X,Tetrahydrofuran,1,soluble
1980,X,Mesityl_oxide,1,soluble
1981,X,Ethyl_acetate,1,soluble
1982,X,n-Butyl_acetate,1,soluble
1983,X,Isoamyl_acetate,1,soluble
1984,X,Isobutyl_isobutyrate,1,soluble
1985,X,Acetonitrile,6,non-soluble
1986,X,Butyronitrite,6,non-soluble
1987,X,Nitromethane,6,non-soluble
1988,X,Nitroethane,6,non-soluble
1989,X,2-Nitropropane,6,non-soluble
1990,X,Aniline,6,non-soluble
1991,X,Nitrobenzene,6,non-soluble
1992,X,Ethanolamine,6,non-soluble
1993,X,Dimethyl_formamide,5,non-soluble
1994,X,Dipropyl_amine,1,soluble
1995,X,Diethyl_amine,1,soluble
1996,X,Morpholine,4,theta
1997,X,Cyclohexylamine,1,soluble
1998,X,Pyridine,4,theta
1999,X,Carbon_terachloride,1,soluble
2000,X,Chloroform,1,soluble
2001,X,Ethylen_chloride,1,soluble
2002,X,Methylene_chloride,1,soluble
2003,X,1_1_1-Trichloroethane,1,soluble
2004,X,1-Chlorobutane,1,soluble
2005,X,Trichloroethylene,1,soluble
2006,X,2_2-Dichloro_diethyl_ether,6,non-soluble
2007,X,Chlorobenzene,1,soluble
2008,X,o-Dichlorobenzene,1,soluble
2009,X,alpha-bromonaphtaline,5,non-soluble
2010,X,Cyclohexylchloride,1,soluble
2011,X,Benzene,1,soluble
2012,X,Toluene,1,soluble
2013,X,Xylene,1,soluble
2014,X,Ethyl_benzene,1,soluble
2015,X,Styrene,1,soluble
2016,X,Tetralin,1,soluble
2017,X,Hexane,1,soluble
2018,X,Cyclohexane,1,soluble
2019,X,Acetic_acid,6,non-soluble
2020,X,Formic_acid_90,6,non-soluble
2021,X,Butyric_acid,1,soluble
2022,X,Benzaldehyde,5,non-soluble
2023,X,Acetic_anhydride,6,non-soluble
2024,Y,Methanol ,6,non-soluble
2025,Y,Ethanol_96,6,non-soluble
2026,Y,Ethanol_99p9,6,non-soluble
2027,Y,n-Propanol,5,non-soluble
2028,Y,n-Butanol,5,non-soluble
2029,Y,Pentanol-1,6,non-soluble
2030,Y,2-Ethyl_butanol,6,non-soluble
2031,Y,2-Ethyl_hexanol,5,non-soluble
2032,Y,Methyl_isobutyl_carbinol,6,non-soluble
2033,Y,Propylene_glycol,6,non-soluble
2034,Y,Ethylene_glycol,5,non-soluble
2035,Y,1_3-Butandiol,6,non-soluble
2036,Y,Glycerol,6,non-soluble
2037,Y,Cyclohexanol,5,non-soluble
2038,Y,m-Cresol,5,non-soluble
2039,Y,Ethyl_lactate,6,non-soluble
2040,Y,n-Butyl_lactate,6,non-soluble
2041,Y,Diethylene_glycol,6,non-soluble
2042,Y,Dipropylene_glycol,6,non-soluble
2043,Y,2-Butoxyethanol,6,non-soluble
2044,Y,Methyl_dioxitol,6,non-soluble
2045,Y,Butyl_dioxitol,6,non-soluble
2046,Y,Oxitole,6,non-soluble
2047,Y,Diacetone_alcohol,6,non-soluble
2048,Y,Cellusolve_acetate,6,non-soluble
2049,Y,Methyl_Cellusolve,6,non-soluble
2050,Y,Diethyl_ether,1,soluble
2051,Y,Furan,1,soluble
2052,Y,Dioxane,1,soluble
2053,Y,Methylal,3,theta
2054,Y,Diethyl_sulfide,1,soluble
2055,Y,Carbon_disulfide,1,soluble
2056,Y,Dimethyl_sulphoxide,6,non-soluble
2057,Y,Propylene_carbonate,6,non-soluble
2058,Y,gamma_Butyrolactone,6,non-soluble
2059,Y,Acetone,6,non-soluble
2060,Y,Methyl_ethyl_ketone,4,theta
2061,Y,Methyl_isobutyl_ketone,4,theta
2062,Y,Methyl_isoamyl_ketone,1,soluble
2063,Y,Diisobutyl_ketone,1,soluble
2064,Y,Isophorone,1,soluble
2065,Y,Acetophenone,2,soluble
2066,Y,Cyclohexanone,1,soluble
2067,Y,Tetrahydrofuran,1,soluble
2068,Y,Mesityl_oxide,1,soluble
2069,Y,Ethyl_acetate,5,non-soluble
2070,Y,n-Butyl_acetate,1,soluble
2071,Y,Isoamyl_acetate,1,soluble
2072,Y,Isobutyl_isobutyrate,1,soluble
2073,Y,Acetonitrile,6,non-soluble
2074,Y,Butyronitrite,6,non-soluble
2075,Y,Nitromethane,6,non-soluble
2076,Y,Nitroethane,6,non-soluble
2077,Y,2-Nitropropane,5,non-soluble
2078,Y,Aniline,6,non-soluble
2079,Y,Nitrobenzene,1,soluble
2080,Y,Ethanolamine,5,non-soluble
2081,Y,Dimethyl_formamide,6,non-soluble
2082,Y,Dipropyl_amine,1,soluble
2083,Y,Diethyl_amine,1,soluble
2084,Y,Morpholine,5,non-soluble
2085,Y,Cyclohexylamine,1,soluble
2086,Y,Pyridine,1,soluble
2087,Y,Carbon_terachloride,1,soluble
2088,Y,Chloroform,1,soluble
2089,Y,Ethylen_chloride,1,soluble
2090,Y,Methylene_chloride,1,soluble
2091,Y,1_1_1-Trichloroethane,1,soluble
2092,Y,1-Chlorobutane,1,soluble
2093,Y,Trichloroethylene,1,soluble
2094,Y,2_2-Dichloro_diethyl_ether,5,non-soluble
2095,Y,Chlorobenzene,1,soluble
2096,Y,o-Dichlorobenzene,1,soluble
2097,Y,alpha-bromonaphtaline,1,soluble
2098,Y,Cyclohexylchloride,1,soluble
2099,Y,Benzene,1,soluble
2100,Y,Toluene,1,soluble
2101,Y,Xylene,1,soluble
2102,Y,Ethyl_benzene,1,soluble
2103,Y,Styrene,1,soluble
2104,Y,Tetralin,1,soluble
2105,Y,Hexane,1,soluble
2106,Y,Cyclohexane,1,soluble
2107,Y,Acetic_acid,6,non-soluble
2108,Y,Formic_acid_90,6,non-soluble
2109,Y,Butyric_acid,4,theta
2110,Y,Benzaldehyde,4,theta
2111,Y,Acetic_anhydride,6,non-soluble
2112,Z,Methanol ,5,non-soluble
2113,Z,Ethanol_96,5,non-soluble
2114,Z,Ethanol_99p9,6,non-soluble
2115,Z,n-Propanol,1,soluble
2116,Z,n-Butanol,1,soluble
2117,Z,Pentanol-1,1,soluble
2118,Z,2-Ethyl_butanol,1,soluble
2119,Z,2-Ethyl_hexanol,1,soluble
2120,Z,Methyl_isobutyl_carbinol,1,soluble
2121,Z,Propylene_glycol,6,non-soluble
2122,Z,Ethylene_glycol,6,non-soluble
2123,Z,1_3-Butandiol,6,non-soluble
2124,Z,Glycerol,6,non-soluble
2125,Z,Cyclohexanol,1,soluble
2126,Z,m-Cresol,1,soluble
2127,Z,Ethyl_lactate,6,non-soluble
2128,Z,n-Butyl_lactate,3,theta
2129,Z,Diethylene_glycol,6,non-soluble
2130,Z,Dipropylene_glycol,6,non-soluble
2131,Z,2-Butoxyethanol,4,theta
2132,Z,Methyl_dioxitol,6,non-soluble
2133,Z,Butyl_dioxitol,6,non-soluble
2134,Z,Oxitole,6,non-soluble
2135,Z,Diacetone_alcohol,6,non-soluble
2136,Z,Cellusolve_acetate,6,non-soluble
2137,Z,Methyl_Cellusolve,6,non-soluble
2138,Z,Diethyl_ether,6,non-soluble
2139,Z,Furan,6,non-soluble
2140,Z,Dioxane,6,non-soluble
2141,Z,Methylal,6,non-soluble
2142,Z,Diethyl_sulfide,6,non-soluble
2143,Z,Carbon_disulfide,4,theta
2144,Z,Dimethyl_sulphoxide,6,non-soluble
2145,Z,Propylene_carbonate,6,non-soluble
2146,Z,gamma_Butyrolactone,6,non-soluble
2147,Z,Acetone,6,non-soluble
2148,Z,Methyl_ethyl_ketone,6,non-soluble
2149,Z,Methyl_isobutyl_ketone,6,non-soluble
2150,Z,Methyl_isoamyl_ketone,6,non-soluble
2151,Z,Diisobutyl_ketone,6,non-soluble
2152,Z,Isophorone,6,non-soluble
2153,Z,Acetophenone,6,non-soluble
2154,Z,Cyclohexanone,6,non-soluble
2155,Z,Tetrahydrofuran,1,soluble
2156,Z,Mesityl_oxide,6,non-soluble
2157,Z,Ethyl_acetate,6,non-soluble
2158,Z,n-Butyl_acetate,6,non-soluble
2159,Z,Isoamyl_acetate,6,non-soluble
2160,Z,Isobutyl_isobutyrate,6,non-soluble
2161,Z,Acetonitrile,6,non-soluble
2162,Z,Butyronitrite,6,non-soluble
2163,Z,Nitromethane,6,non-soluble
2164,Z,Nitroethane,6,non-soluble
2165,Z,2-Nitropropane,6,non-soluble
2166,Z,Aniline,5,non-soluble
2167,Z,Nitrobenzene,6,non-soluble
2168,Z,Ethanolamine,6,non-soluble
2169,Z,Dimethyl_formamide,6,non-soluble
2170,Z,Dipropyl_amine,6,non-soluble
2171,Z,Diethyl_amine,5,non-soluble
2172,Z,Morpholine,6,non-soluble
2173,Z,Cyclohexylamine,1,soluble
2174,Z,Pyridine,5,non-soluble
2175,Z,Carbon_terachloride,4,theta
2176,Z,Chloroform,1,soluble
2177,Z,Ethylen_chloride,6,non-soluble
2178,Z,Methylene_chloride,2,soluble
2179,Z,1_1_1-Trichloroethane,6,non-soluble
2180,Z,1-Chlorobutane,5,non-soluble
2181,Z,Trichloroethylene,2,soluble
2182,Z,2_2-Dichloro_diethyl_ether,6,non-soluble
2183,Z,Chlorobenzene,5,non-soluble
2184,Z,o-Dichlorobenzene,6,non-soluble
2185,Z,alpha-bromonaphtaline,6,non-soluble
2186,Z,Cyclohexylchloride,6,non-soluble
2187,Z,Benzene,5,non-soluble
2188,Z,Toluene,6,non-soluble
2189,Z,Xylene,6,non-soluble
2190,Z,Ethyl_benzene,6,non-soluble
2191,Z,Styrene,6,non-soluble
2192,Z,Tetralin,5,non-soluble
2193,Z,Hexane,6,non-soluble
2194,Z,Cyclohexane,6,non-soluble
2195,Z,Acetic_acid,3,theta
2196,Z,Formic_acid_90,3,theta
2197,Z,Butyric_acid,1,soluble
2198,Z,Benzaldehyde,3,theta
2199,Z,Acetic_anhydride,6,non-soluble
2200,AA,Methanol ,6,non-soluble
2201,AA,Ethanol_96,5,non-soluble
2202,AA,Ethanol_99p9,4,theta
2203,AA,n-Propanol,5,non-soluble
2204,AA,n-Butanol,3,theta
2205,AA,Pentanol-1,1,soluble
2206,AA,2-Ethyl_butanol,1,soluble
2207,AA,2-Ethyl_hexanol,1,soluble
2208,AA,Methyl_isobutyl_carbinol,1,soluble
2209,AA,Propylene_glycol,6,non-soluble
2210,AA,Ethylene_glycol,6,non-soluble
2211,AA,1_3-Butandiol,6,non-soluble
2212,AA,Glycerol,6,non-soluble
2213,AA,Cyclohexanol,1,soluble
2214,AA,m-Cresol,1,soluble
2215,AA,Ethyl_lactate,3,theta
2216,AA,n-Butyl_lactate,1,soluble
2217,AA,Diethylene_glycol,6,non-soluble
2218,AA,Dipropylene_glycol,6,non-soluble
2219,AA,2-Butoxyethanol,1,soluble
2220,AA,Methyl_dioxitol,5,non-soluble
2221,AA,Butyl_dioxitol,1,soluble
2222,AA,Oxitole,1,soluble
2223,AA,Diacetone_alcohol,1,soluble
2224,AA,Cellusolve_acetate,1,soluble
2225,AA,Methyl_Cellusolve,4,theta
2226,AA,Diethyl_ether,1,soluble
2227,AA,Furan,1,soluble
2228,AA,Dioxane,1,soluble
2229,AA,Methylal,1,soluble
2230,AA,Diethyl_sulfide,1,soluble
2231,AA,Carbon_disulfide,1,soluble
2232,AA,Dimethyl_sulphoxide,6,non-soluble
2233,AA,Propylene_carbonate,6,non-soluble
2234,AA,gamma_Butyrolactone,5,non-soluble
2235,AA,Acetone,1,soluble
2236,AA,Methyl_ethyl_ketone,1,soluble
2237,AA,Methyl_isobutyl_ketone,1,soluble
2238,AA,Methyl_isoamyl_ketone,1,soluble
2239,AA,Diisobutyl_ketone,1,soluble
2240,AA,Isophorone,1,soluble
2241,AA,Acetophenone,1,soluble
2242,AA,Cyclohexanone,1,soluble
2243,AA,Tetrahydrofuran,1,soluble
2244,AA,Mesityl_oxide,1,soluble
2245,AA,Ethyl_acetate,1,soluble
2246,AA,n-Butyl_acetate,1,soluble
2247,AA,Isoamyl_acetate,1,soluble
2248,AA,Isobutyl_isobutyrate,1,soluble
2249,AA,Acetonitrile,4,theta
2250,AA,Butyronitrite,1,soluble
2251,AA,Nitromethane,4,theta
2252,AA,Nitroethane,3,theta
2253,AA,2-Nitropropane,1,soluble
2254,AA,Aniline,1,soluble
2255,AA,Nitrobenzene,1,soluble
2256,AA,Ethanolamine,6,non-soluble
2257,AA,Dimethyl_formamide,4,theta
2258,AA,Dipropyl_amine,1,soluble
2259,AA,Diethyl_amine,1,soluble
2260,AA,Morpholine,1,soluble
2261,AA,Cyclohexylamine,1,soluble
2262,AA,Pyridine,1,soluble
2263,AA,Carbon_terachloride,1,soluble
2264,AA,Chloroform,1,soluble
2265,AA,Ethylen_chloride,1,soluble
2266,AA,Methylene_chloride,1,soluble
2267,AA,1_1_1-Trichloroethane,1,soluble
2268,AA,1-Chlorobutane,1,soluble
2269,AA,Trichloroethylene,1,soluble
2270,AA,2_2-Dichloro_diethyl_ether,1,soluble
2271,AA,Chlorobenzene,1,soluble
2272,AA,o-Dichlorobenzene,1,soluble
2273,AA,alpha-bromonaphtaline,1,soluble
2274,AA,Cyclohexylchloride,1,soluble
2275,AA,Benzene,1,soluble
2276,AA,Toluene,1,soluble
2277,AA,Xylene,1,soluble
2278,AA,Ethyl_benzene,1,soluble
2279,AA,Styrene,1,soluble
2280,AA,Tetralin,1,soluble
2281,AA,Hexane,4,theta
2282,AA,Cyclohexane,2,soluble
2283,AA,Acetic_acid,4,theta
2284,AA,Formic_acid_90,6,non-soluble
2285,AA,Butyric_acid,1,soluble
2286,AA,Benzaldehyde,1,soluble
2287,AA,Acetic_anhydride,5,non-soluble
2288,AB,Methanol ,1,soluble
2289,AB,Ethanol_96,1,soluble
2290,AB,Ethanol_99p9,1,soluble
2291,AB,n-Propanol,1,soluble
2292,AB,n-Butanol,1,soluble
2293,AB,Pentanol-1,1,soluble
2294,AB,2-Ethyl_butanol,1,soluble
2295,AB,2-Ethyl_hexanol,1,soluble
2296,AB,Methyl_isobutyl_carbinol,1,soluble
2297,AB,Propylene_glycol,1,soluble
2298,AB,Ethylene_glycol,6,non-soluble
2299,AB,1_3-Butandiol,1,soluble
2300,AB,Glycerol,6,non-soluble
2301,AB,Cyclohexanol,1,soluble
2302,AB,m-Cresol,1,soluble
2303,AB,Ethyl_lactate,1,soluble
2304,AB,n-Butyl_lactate,1,soluble
2305,AB,Diethylene_glycol,1,soluble
2306,AB,Dipropylene_glycol,1,soluble
2307,AB,2-Butoxyethanol,1,soluble
2308,AB,Methyl_dioxitol,1,soluble
2309,AB,Butyl_dioxitol,1,soluble
2310,AB,Oxitole,1,soluble
2311,AB,Diacetone_alcohol,1,soluble
2312,AB,Cellusolve_acetate,1,soluble
2313,AB,Methyl_Cellusolve,1,soluble
2314,AB,Diethyl_ether,1,soluble
2315,AB,Furan,1,soluble
2316,AB,Dioxane,1,soluble
2317,AB,Methylal,1,soluble
2318,AB,Diethyl_sulfide,1,soluble
2319,AB,Carbon_disulfide,1,soluble
2320,AB,Dimethyl_sulphoxide,1,soluble
2321,AB,Propylene_carbonate,1,soluble
2322,AB,gamma_Butyrolactone,1,soluble
2323,AB,Acetone,1,soluble
2324,AB,Methyl_ethyl_ketone,1,soluble
2325,AB,Methyl_isobutyl_ketone,1,soluble
2326,AB,Methyl_isoamyl_ketone,1,soluble
2327,AB,Diisobutyl_ketone,1,soluble
2328,AB,Isophorone,1,soluble
2329,AB,Acetophenone,1,soluble
2330,AB,Cyclohexanone,1,soluble
2331,AB,Tetrahydrofuran,1,soluble
2332,AB,Mesityl_oxide,1,soluble
2333,AB,Ethyl_acetate,1,soluble
2334,AB,n-Butyl_acetate,1,soluble
2335,AB,Isoamyl_acetate,1,soluble
2336,AB,Isobutyl_isobutyrate,1,soluble
2337,AB,Acetonitrile,1,soluble
2338,AB,Butyronitrite,1,soluble
2339,AB,Nitromethane,1,soluble
2340,AB,Nitroethane,1,soluble
2341,AB,2-Nitropropane,1,soluble
2342,AB,Aniline,1,soluble
2343,AB,Nitrobenzene,1,soluble
2344,AB,Ethanolamine,6,non-soluble
2345,AB,Dimethyl_formamide,1,soluble
2346,AB,Dipropyl_amine,1,soluble
2347,AB,Diethyl_amine,1,soluble
2348,AB,Morpholine,1,soluble
2349,AB,Cyclohexylamine,1,soluble
2350,AB,Pyridine,1,soluble
2351,AB,Carbon_terachloride,1,soluble
2352,AB,Chloroform,1,soluble
2353,AB,Ethylen_chloride,1,soluble
2354,AB,Methylene_chloride,1,soluble
2355,AB,1_1_1-Trichloroethane,1,soluble
2356,AB,1-Chlorobutane,1,soluble
2357,AB,Trichloroethylene,1,soluble
2358,AB,2_2-Dichloro_diethyl_ether,1,soluble
2359,AB,Chlorobenzene,1,soluble
2360,AB,o-Dichlorobenzene,1,soluble
2361,AB,alpha-bromonaphtaline,1,soluble
2362,AB,Cyclohexylchloride,1,soluble
2363,AB,Benzene,1,soluble
2364,AB,Toluene,1,soluble
2365,AB,Xylene,1,soluble
2366,AB,Ethyl_benzene,1,soluble
2367,AB,Styrene,1,soluble
2368,AB,Tetralin,1,soluble
2369,AB,Hexane,6,non-soluble
2370,AB,Cyclohexane,4,theta
2371,AB,Acetic_acid,1,soluble
2372,AB,Formic_acid_90,1,soluble
2373,AB,Butyric_acid,1,soluble
2374,AB,Benzaldehyde,1,soluble
2375,AB,Acetic_anhydride,1,soluble
2376,AC,Methanol ,6,non-soluble
2377,AC,Ethanol_96,6,non-soluble
2378,AC,Ethanol_99p9,6,non-soluble
2379,AC,n-Propanol,6,non-soluble
2380,AC,n-Butanol,6,non-soluble
2381,AC,Pentanol-1,6,non-soluble
2382,AC,2-Ethyl_butanol,5,non-soluble
2383,AC,2-Ethyl_hexanol,1,soluble
2384,AC,Methyl_isobutyl_carbinol,5,non-soluble
2385,AC,Propylene_glycol,6,non-soluble
2386,AC,Ethylene_glycol,6,non-soluble
2387,AC,1_3-Butandiol,6,non-soluble
2388,AC,Glycerol,6,non-soluble
2389,AC,Cyclohexanol,5,non-soluble
2390,AC,m-Cresol,6,non-soluble
2391,AC,Ethyl_lactate,6,non-soluble
2392,AC,n-Butyl_lactate,6,non-soluble
2393,AC,Diethylene_glycol,6,non-soluble
2394,AC,Dipropylene_glycol,6,non-soluble
2395,AC,2-Butoxyethanol,6,non-soluble
2396,AC,Methyl_dioxitol,6,non-soluble
2397,AC,Butyl_dioxitol,6,non-soluble
2398,AC,Oxitole,6,non-soluble
2399,AC,Diacetone_alcohol,6,non-soluble
2400,AC,Cellusolve_acetate,6,non-soluble
2401,AC,Methyl_Cellusolve,6,non-soluble
2402,AC,Diethyl_ether,1,soluble
2403,AC,Furan,1,soluble
2404,AC,Dioxane,4,theta
2405,AC,Methylal,5,non-soluble
2406,AC,Diethyl_sulfide,1,soluble
2407,AC,Carbon_disulfide,1,soluble
2408,AC,Dimethyl_sulphoxide,6,non-soluble
2409,AC,Propylene_carbonate,6,non-soluble
2410,AC,gamma_Butyrolactone,6,non-soluble
2411,AC,Acetone,6,non-soluble
2412,AC,Methyl_ethyl_ketone,5,non-soluble
2413,AC,Methyl_isobutyl_ketone,1,soluble
2414,AC,Methyl_isoamyl_ketone,1,soluble
2415,AC,Diisobutyl_ketone,1,soluble
2416,AC,Isophorone,1,soluble
2417,AC,Acetophenone,5,non-soluble
2418,AC,Cyclohexanone,1,soluble
2419,AC,Tetrahydrofuran,1,soluble
2420,AC,Mesityl_oxide,1,soluble
2421,AC,Ethyl_acetate,4,theta
2422,AC,n-Butyl_acetate,1,soluble
2423,AC,Isoamyl_acetate,1,soluble
2424,AC,Isobutyl_isobutyrate,1,soluble
2425,AC,Acetonitrile,6,non-soluble
2426,AC,Butyronitrite,6,non-soluble
2427,AC,Nitromethane,6,non-soluble
2428,AC,Nitroethane,6,non-soluble
2429,AC,2-Nitropropane,6,non-soluble
2430,AC,Aniline,6,non-soluble
2431,AC,Nitrobenzene,5,non-soluble
2432,AC,Ethanolamine,6,non-soluble
2433,AC,Dimethyl_formamide,6,non-soluble
2434,AC,Dipropyl_amine,1,soluble
2435,AC,Diethyl_amine,1,soluble
2436,AC,Morpholine,6,non-soluble
2437,AC,Cyclohexylamine,1,soluble
2438,AC,Pyridine,5,non-soluble
2439,AC,Carbon_terachloride,1,soluble
2440,AC,Chloroform,1,soluble
2441,AC,Ethylen_chloride,1,soluble
2442,AC,Methylene_chloride,1,soluble
2443,AC,1_1_1-Trichloroethane,1,soluble
2444,AC,1-Chlorobutane,1,soluble
2445,AC,Trichloroethylene,1,soluble
2446,AC,2_2-Dichloro_diethyl_ether,4,theta
2447,AC,Chlorobenzene,1,soluble
2448,AC,o-Dichlorobenzene,1,soluble
2449,AC,alpha-bromonaphtaline,1,soluble
2450,AC,Cyclohexylchloride,1,soluble
2451,AC,Benzene,1,soluble
2452,AC,Toluene,1,soluble
2453,AC,Xylene,1,soluble
2454,AC,Ethyl_benzene,1,soluble
2455,AC,Styrene,1,soluble
2456,AC,Tetralin,1,soluble
2457,AC,Hexane,1,soluble
2458,AC,Cyclohexane,1,soluble
2459,AC,Acetic_acid,6,non-soluble
2460,AC,Formic_acid_90,6,non-soluble
2461,AC,Butyric_acid,1,soluble
2462,AC,Benzaldehyde,5,non-soluble
2463,AC,Acetic_anhydride,5,non-soluble
2464,AD,Methanol ,5,non-soluble
2465,AD,Ethanol_96,5,non-soluble
2466,AD,Ethanol_99p9,5,non-soluble
2467,AD,n-Propanol,4,theta
2468,AD,n-Butanol,4,theta
2469,AD,Pentanol-1,4,theta
2470,AD,2-Ethyl_butanol,4,theta
2471,AD,2-Ethyl_hexanol,4,theta
2472,AD,Methyl_isobutyl_carbinol,4,theta
2473,AD,Propylene_glycol,5,non-soluble
2474,AD,Ethylene_glycol,6,non-soluble
2475,AD,1_3-Butandiol,6,non-soluble
2476,AD,Glycerol,6,non-soluble
2477,AD,Cyclohexanol,1,soluble
2478,AD,m-Cresol,1,soluble
2479,AD,Ethyl_lactate,1,soluble
2480,AD,n-Butyl_lactate,1,soluble
2481,AD,Diethylene_glycol,1,soluble
2482,AD,Dipropylene_glycol,1,soluble
2483,AD,2-Butoxyethanol,1,soluble
2484,AD,Methyl_dioxitol,1,soluble
2485,AD,Butyl_dioxitol,1,soluble
2486,AD,Oxitole,1,soluble
2487,AD,Diacetone_alcohol,1,soluble
2488,AD,Cellusolve_acetate,1,soluble
2489,AD,Methyl_Cellusolve,1,soluble
2490,AD,Diethyl_ether,4,theta
2491,AD,Furan,4,theta
2492,AD,Dioxane,1,soluble
2493,AD,Methylal,2,soluble
2494,AD,Diethyl_sulfide,4,theta
2495,AD,Carbon_disulfide,6,non-soluble
2496,AD,Dimethyl_sulphoxide,1,soluble
2497,AD,Propylene_carbonate,1,soluble
2498,AD,gamma_Butyrolactone,1,soluble
2499,AD,Acetone,1,soluble
2500,AD,Methyl_ethyl_ketone,1,soluble
2501,AD,Methyl_isobutyl_ketone,4,theta
2502,AD,Methyl_isoamyl_ketone,4,theta
2503,AD,Diisobutyl_ketone,6,non-soluble
2504,AD,Isophorone,1,soluble
2505,AD,Acetophenone,1,soluble
2506,AD,Cyclohexanone,1,soluble
2507,AD,Tetrahydrofuran,1,soluble
2508,AD,Mesityl_oxide,1,soluble
2509,AD,Ethyl_acetate,1,soluble
2510,AD,n-Butyl_acetate,2,soluble
2511,AD,Isoamyl_acetate,4,theta
2512,AD,Isobutyl_isobutyrate,5,non-soluble
2513,AD,Acetonitrile,4,theta
2514,AD,Butyronitrite,2,soluble
2515,AD,Nitromethane,4,theta
2516,AD,Nitroethane,3,theta
2517,AD,2-Nitropropane,3,theta
2518,AD,Aniline,1,soluble
2519,AD,Nitrobenzene,1,soluble
2520,AD,Ethanolamine,1,soluble
2521,AD,Dimethyl_formamide,1,soluble
2522,AD,Dipropyl_amine,3,theta
2523,AD,Diethyl_amine,2,soluble
2524,AD,Morpholine,1,soluble
2525,AD,Cyclohexylamine,1,soluble
2526,AD,Pyridine,1,soluble
2527,AD,Carbon_terachloride,4,theta
2528,AD,Chloroform,1,soluble
2529,AD,Ethylen_chloride,1,soluble
2530,AD,Methylene_chloride,1,soluble
2531,AD,1_1_1-Trichloroethane,4,theta
2532,AD,1-Chlorobutane,3,theta
2533,AD,Trichloroethylene,4,theta
2534,AD,2_2-Dichloro_diethyl_ether,1,soluble
2535,AD,Chlorobenzene,3,theta
2536,AD,o-Dichlorobenzene,3,theta
2537,AD,alpha-bromonaphtaline,5,non-soluble
2538,AD,Cyclohexylchloride,3,theta
2539,AD,Benzene,4,theta
2540,AD,Toluene,5,non-soluble
2541,AD,Xylene,5,non-soluble
2542,AD,Ethyl_benzene,6,non-soluble
2543,AD,Styrene,4,theta
2544,AD,Tetralin,5,non-soluble
2545,AD,Hexane,6,non-soluble
2546,AD,Cyclohexane,6,non-soluble
2547,AD,Acetic_acid,1,soluble
2548,AD,Formic_acid_90,6,non-soluble
2549,AD,Butyric_acid,3,theta
2550,AD,Benzaldehyde,1,soluble
2551,AD,Acetic_anhydride,1,soluble
2552,AE,Methanol ,6,non-soluble
2553,AE,Ethanol_96,6,non-soluble
2554,AE,Ethanol_99p9,6,non-soluble
2555,AE,n-Propanol,6,non-soluble
2556,AE,n-Butanol,6,non-soluble
2557,AE,Pentanol-1,6,non-soluble
2558,AE,2-Ethyl_butanol,6,non-soluble
2559,AE,2-Ethyl_hexanol,5,non-soluble
2560,AE,Methyl_isobutyl_carbinol,6,non-soluble
2561,AE,Propylene_glycol,6,non-soluble
2562,AE,Ethylene_glycol,6,non-soluble
2563,AE,1_3-Butandiol,6,non-soluble
2564,AE,Glycerol,6,non-soluble
2565,AE,Cyclohexanol,6,non-soluble
2566,AE,m-Cresol,6,non-soluble
2567,AE,Ethyl_lactate,6,non-soluble
2568,AE,n-Butyl_lactate,6,non-soluble
2569,AE,Diethylene_glycol,6,non-soluble
2570,AE,Dipropylene_glycol,6,non-soluble
2571,AE,2-Butoxyethanol,6,non-soluble
2572,AE,Methyl_dioxitol,6,non-soluble
2573,AE,Butyl_dioxitol,6,non-soluble
2574,AE,Oxitole,6,non-soluble
2575,AE,Diacetone_alcohol,6,non-soluble
2576,AE,Cellusolve_acetate,6,non-soluble
2577,AE,Methyl_Cellusolve,6,non-soluble
2578,AE,Diethyl_ether,1,soluble
2579,AE,Furan,1,soluble
2580,AE,Dioxane,5,non-soluble
2581,AE,Methylal,3,theta
2582,AE,Diethyl_sulfide,1,soluble
2583,AE,Carbon_disulfide,1,soluble
2584,AE,Dimethyl_sulphoxide,6,non-soluble
2585,AE,Propylene_carbonate,6,non-soluble
2586,AE,gamma_Butyrolactone,6,non-soluble
2587,AE,Acetone,6,non-soluble
2588,AE,Methyl_ethyl_ketone,5,non-soluble
2589,AE,Methyl_isobutyl_ketone,4,theta
2590,AE,Methyl_isoamyl_ketone,2,soluble
2591,AE,Diisobutyl_ketone,1,soluble
2592,AE,Isophorone,5,non-soluble
2593,AE,Acetophenone,5,non-soluble
2594,AE,Cyclohexanone,1,soluble
2595,AE,Tetrahydrofuran,1,soluble
2596,AE,Mesityl_oxide,4,theta
2597,AE,Ethyl_acetate,4,theta
2598,AE,n-Butyl_acetate,1,soluble
2599,AE,Isoamyl_acetate,1,soluble
2600,AE,Isobutyl_isobutyrate,1,soluble
2601,AE,Acetonitrile,6,non-soluble
2602,AE,Butyronitrite,6,non-soluble
2603,AE,Nitromethane,6,non-soluble
2604,AE,Nitroethane,6,non-soluble
2605,AE,2-Nitropropane,6,non-soluble
2606,AE,Aniline,6,non-soluble
2607,AE,Nitrobenzene,6,non-soluble
2608,AE,Ethanolamine,6,non-soluble
2609,AE,Dimethyl_formamide,6,non-soluble
2610,AE,Dipropyl_amine,1,soluble
2611,AE,Diethyl_amine,1,soluble
2612,AE,Morpholine,6,non-soluble
2613,AE,Cyclohexylamine,1,soluble
2614,AE,Pyridine,5,non-soluble
2615,AE,Carbon_terachloride,1,soluble
2616,AE,Chloroform,1,soluble
2617,AE,Ethylen_chloride,2,soluble
2618,AE,Methylene_chloride,1,soluble
2619,AE,1_1_1-Trichloroethane,1,soluble
2620,AE,1-Chlorobutane,1,soluble
2621,AE,Trichloroethylene,1,soluble
2622,AE,2_2-Dichloro_diethyl_ether,6,non-soluble
2623,AE,Chlorobenzene,1,soluble
2624,AE,o-Dichlorobenzene,1,soluble
2625,AE,alpha-bromonaphtaline,1,soluble
2626,AE,Cyclohexylchloride,1,soluble
2627,AE,Benzene,1,soluble
2628,AE,Toluene,1,soluble
2629,AE,Xylene,1,soluble
2630,AE,Ethyl_benzene,1,soluble
2631,AE,Styrene,1,soluble
2632,AE,Tetralin,1,soluble
2633,AE,Hexane,2,soluble
2634,AE,Cyclohexane,1,soluble
2635,AE,Acetic_acid,6,non-soluble
2636,AE,Formic_acid_90,6,non-soluble
2637,AE,Butyric_acid,4,theta
2638,AE,Benzaldehyde,4,theta
2639,AE,Acetic_anhydride,5,non-soluble
2640,AF,Methanol ,6,non-soluble
2641,AF,Ethanol_96,6,non-soluble
2642,AF,Ethanol_99p9,6,non-soluble
2643,AF,n-Propanol,6,non-soluble
2644,AF,n-Butanol,6,non-soluble
2645,AF,Pentanol-1,6,non-soluble
2646,AF,2-Ethyl_butanol,6,non-soluble
2647,AF,2-Ethyl_hexanol,6,non-soluble
2648,AF,Methyl_isobutyl_carbinol,6,non-soluble
2649,AF,Propylene_glycol,6,non-soluble
2650,AF,Ethylene_glycol,6,non-soluble
2651,AF,1_3-Butandiol,6,non-soluble
2652,AF,Glycerol,6,non-soluble
2653,AF,Cyclohexanol,6,non-soluble
2654,AF,m-Cresol,6,non-soluble
2655,AF,Ethyl_lactate,6,non-soluble
2656,AF,n-Butyl_lactate,6,non-soluble
2657,AF,Diethylene_glycol,6,non-soluble
2658,AF,Dipropylene_glycol,6,non-soluble
2659,AF,2-Butoxyethanol,6,non-soluble
2660,AF,Methyl_dioxitol,6,non-soluble
2661,AF,Butyl_dioxitol,6,non-soluble
2662,AF,Oxitole,6,non-soluble
2663,AF,Diacetone_alcohol,6,non-soluble
2664,AF,Cellusolve_acetate,5,non-soluble
2665,AF,Methyl_Cellusolve,6,non-soluble
2666,AF,Diethyl_ether,6,non-soluble
2667,AF,Furan,6,non-soluble
2668,AF,Dioxane,3,theta
2669,AF,Methylal,6,non-soluble
2670,AF,Diethyl_sulfide,6,non-soluble
2671,AF,Carbon_disulfide,6,non-soluble
2672,AF,Dimethyl_sulphoxide,2,soluble
2673,AF,Propylene_carbonate,6,non-soluble
2674,AF,gamma_Butyrolactone,4,theta
2675,AF,Acetone,5,non-soluble
2676,AF,Methyl_ethyl_ketone,3,theta
2677,AF,Methyl_isobutyl_ketone,4,theta
2678,AF,Methyl_isoamyl_ketone,5,non-soluble
2679,AF,Diisobutyl_ketone,6,non-soluble
2680,AF,Isophorone,2,soluble
2681,AF,Acetophenone,2,soluble
2682,AF,Cyclohexanone,1,soluble
2683,AF,Tetrahydrofuran,1,soluble
2684,AF,Mesityl_oxide,2,soluble
2685,AF,Ethyl_acetate,6,non-soluble
2686,AF,n-Butyl_acetate,5,non-soluble
2687,AF,Isoamyl_acetate,5,non-soluble
2688,AF,Isobutyl_isobutyrate,6,non-soluble
2689,AF,Acetonitrile,6,non-soluble
2690,AF,Butyronitrite,6,non-soluble
2691,AF,Nitromethane,6,non-soluble
2692,AF,Nitroethane,6,non-soluble
2693,AF,2-Nitropropane,5,non-soluble
2694,AF,Aniline,3,theta
2695,AF,Nitrobenzene,2,soluble
2696,AF,Ethanolamine,6,non-soluble
2697,AF,Dimethyl_formamide,4,theta
2698,AF,Dipropyl_amine,6,non-soluble
2699,AF,Diethyl_amine,6,non-soluble
2700,AF,Morpholine,1,soluble
2701,AF,Cyclohexylamine,6,non-soluble
2702,AF,Pyridine,2,soluble
2703,AF,Carbon_terachloride,6,non-soluble
2704,AF,Chloroform,5,non-soluble
2705,AF,Ethylen_chloride,3,theta
2706,AF,Methylene_chloride,2,soluble
2707,AF,1_1_1-Trichloroethane,6,non-soluble
2708,AF,1-Chlorobutane,6,non-soluble
2709,AF,Trichloroethylene,5,non-soluble
2710,AF,2_2-Dichloro_diethyl_ether,3,theta
2711,AF,Chlorobenzene,4,theta
2712,AF,o-Dichlorobenzene,4,theta
2713,AF,alpha-bromonaphtaline,4,theta
2714,AF,Cyclohexylchloride,5,non-soluble
2715,AF,Benzene,5,non-soluble
2716,AF,Toluene,5,non-soluble
2717,AF,Xylene,6,non-soluble
2718,AF,Ethyl_benzene,6,non-soluble
2719,AF,Styrene,5,non-soluble
2720,AF,Tetralin,6,non-soluble
2721,AF,Hexane,6,non-soluble
2722,AF,Cyclohexane,6,non-soluble
2723,AF,Acetic_acid,6,non-soluble
2724,AF,Formic_acid_90,6,non-soluble
2725,AF,Butyric_acid,6,non-soluble
2726,AF,Benzaldehyde,1,soluble
2727,AF,Acetic_anhydride,6,non-soluble
2728,AG,Methanol ,6,non-soluble
2729,AG,Ethanol_96,6,non-soluble
2730,AG,Ethanol_99p9,6,non-soluble
2731,AG,n-Propanol,6,non-soluble
2732,AG,n-Butanol,6,non-soluble
2733,AG,Pentanol-1,6,non-soluble
2734,AG,2-Ethyl_butanol,6,non-soluble
2735,AG,2-Ethyl_hexanol,6,non-soluble
2736,AG,Methyl_isobutyl_carbinol,6,non-soluble
2737,AG,Propylene_glycol,6,non-soluble
2738,AG,Ethylene_glycol,6,non-soluble
2739,AG,1_3-Butandiol,6,non-soluble
2740,AG,Glycerol,6,non-soluble
2741,AG,Cyclohexanol,5,non-soluble
2742,AG,m-Cresol,1,soluble
2743,AG,Ethyl_lactate,5,non-soluble
2744,AG,n-Butyl_lactate,1,soluble
2745,AG,Diethylene_glycol,6,non-soluble
2746,AG,Dipropylene_glycol,6,non-soluble
2747,AG,2-Butoxyethanol,1,soluble
2748,AG,Methyl_dioxitol,4,theta
2749,AG,Butyl_dioxitol,1,soluble
2750,AG,Oxitole,2,soluble
2751,AG,Diacetone_alcohol,5,non-soluble
2752,AG,Cellusolve_acetate,1,soluble
2753,AG,Methyl_Cellusolve,5,non-soluble
2754,AG,Diethyl_ether,1,soluble
2755,AG,Furan,1,soluble
2756,AG,Dioxane,1,soluble
2757,AG,Methylal,1,soluble
2758,AG,Diethyl_sulfide,1,soluble
2759,AG,Carbon_disulfide,1,soluble
2760,AG,Dimethyl_sulphoxide,6,non-soluble
2761,AG,Propylene_carbonate,6,non-soluble
2762,AG,gamma_Butyrolactone,2,soluble
2763,AG,Acetone,2,soluble
2764,AG,Methyl_ethyl_ketone,1,soluble
2765,AG,Methyl_isobutyl_ketone,1,soluble
2766,AG,Methyl_isoamyl_ketone,1,soluble
2767,AG,Diisobutyl_ketone,1,soluble
2768,AG,Isophorone,1,soluble
2769,AG,Acetophenone,1,soluble
2770,AG,Cyclohexanone,1,soluble
2771,AG,Tetrahydrofuran,1,soluble
2772,AG,Mesityl_oxide,1,soluble
2773,AG,Ethyl_acetate,1,soluble
2774,AG,n-Butyl_acetate,1,soluble
2775,AG,Isoamyl_acetate,1,soluble
2776,AG,Isobutyl_isobutyrate,1,soluble
2777,AG,Acetonitrile,5,non-soluble
2778,AG,Butyronitrite,1,soluble
2779,AG,Nitromethane,5,non-soluble
2780,AG,Nitroethane,2,soluble
2781,AG,2-Nitropropane,1,soluble
2782,AG,Aniline,1,soluble
2783,AG,Nitrobenzene,1,soluble
2784,AG,Ethanolamine,6,non-soluble
2785,AG,Dimethyl_formamide,1,soluble
2786,AG,Dipropyl_amine,1,soluble
2787,AG,Diethyl_amine,1,soluble
2788,AG,Morpholine,1,soluble
2789,AG,Cyclohexylamine,1,soluble
2790,AG,Pyridine,1,soluble
2791,AG,Carbon_terachloride,1,soluble
2792,AG,Chloroform,1,soluble
2793,AG,Ethylen_chloride,1,soluble
2794,AG,Methylene_chloride,1,soluble
2795,AG,1_1_1-Trichloroethane,1,soluble
2796,AG,1-Chlorobutane,1,soluble
2797,AG,Trichloroethylene,1,soluble
2798,AG,2_2-Dichloro_diethyl_ether,1,soluble
2799,AG,Chlorobenzene,1,soluble
2800,AG,o-Dichlorobenzene,1,soluble
2801,AG,alpha-bromonaphtaline,1,soluble
2802,AG,Cyclohexylchloride,1,soluble
2803,AG,Benzene,1,soluble
2804,AG,Toluene,1,soluble
2805,AG,Xylene,1,soluble
2806,AG,Ethyl_benzene,1,soluble
2807,AG,Styrene,1,soluble
2808,AG,Tetralin,1,soluble
2809,AG,Hexane,5,non-soluble
2810,AG,Cyclohexane,2,soluble
2811,AG,Acetic_acid,5,non-soluble
2812,AG,Formic_acid_90,6,non-soluble
2813,AG,Butyric_acid,1,soluble
2814,AG,Benzaldehyde,1,soluble
2815,AG,Acetic_anhydride,5,non-soluble
2816,AH,Methanol ,5,non-soluble
2817,AH,Ethanol_96,5,non-soluble
2818,AH,Ethanol_99p9,6,non-soluble
2819,AH,n-Propanol,6,non-soluble
2820,AH,n-Butanol,6,non-soluble
2821,AH,Pentanol-1,6,non-soluble
2822,AH,2-Ethyl_butanol,6,non-soluble
2823,AH,2-Ethyl_hexanol,6,non-soluble
2824,AH,Methyl_isobutyl_carbinol,6,non-soluble
2825,AH,Propylene_glycol,3,theta
2826,AH,Ethylene_glycol,1,soluble
2827,AH,1_3-Butandiol,6,non-soluble
2828,AH,Glycerol,6,non-soluble
2829,AH,Cyclohexanol,6,non-soluble
2830,AH,m-Cresol,1,soluble
2831,AH,Ethyl_lactate,3,theta
2832,AH,n-Butyl_lactate,6,non-soluble
2833,AH,Diethylene_glycol,1,soluble
2834,AH,Dipropylene_glycol,1,soluble
2835,AH,2-Butoxyethanol,6,non-soluble
2836,AH,Methyl_dioxitol,1,soluble
2837,AH,Butyl_dioxitol,1,soluble
2838,AH,Oxitole,1,soluble
2839,AH,Diacetone_alcohol,1,soluble
2840,AH,Cellusolve_acetate,6,non-soluble
2841,AH,Methyl_Cellusolve,1,soluble
2842,AH,Diethyl_ether,6,non-soluble
2843,AH,Furan,6,non-soluble
2844,AH,Dioxane,2,soluble
2845,AH,Methylal,6,non-soluble
2846,AH,Diethyl_sulfide,6,non-soluble
2847,AH,Carbon_disulfide,4,theta
2848,AH,Dimethyl_sulphoxide,1,soluble
2849,AH,Propylene_carbonate,6,non-soluble
2850,AH,gamma_Butyrolactone,1,soluble
2851,AH,Acetone,5,non-soluble
2852,AH,Methyl_ethyl_ketone,6,non-soluble
2853,AH,Methyl_isobutyl_ketone,6,non-soluble
2854,AH,Methyl_isoamyl_ketone,6,non-soluble
2855,AH,Diisobutyl_ketone,6,non-soluble
2856,AH,Isophorone,5,non-soluble
2857,AH,Acetophenone,4,theta
2858,AH,Cyclohexanone,5,non-soluble
2859,AH,Tetrahydrofuran,3,theta
2860,AH,Mesityl_oxide,4,theta
2861,AH,Ethyl_acetate,6,non-soluble
2862,AH,n-Butyl_acetate,6,non-soluble
2863,AH,Isoamyl_acetate,6,non-soluble
2864,AH,Isobutyl_isobutyrate,6,non-soluble
2865,AH,Acetonitrile,6,non-soluble
2866,AH,Butyronitrite,5,non-soluble
2867,AH,Nitromethane,6,non-soluble
2868,AH,Nitroethane,6,non-soluble
2869,AH,2-Nitropropane,6,non-soluble
2870,AH,Aniline,1,soluble
2871,AH,Nitrobenzene,4,theta
2872,AH,Ethanolamine,1,soluble
2873,AH,Dimethyl_formamide,1,soluble
2874,AH,Dipropyl_amine,6,non-soluble
2875,AH,Diethyl_amine,5,non-soluble
2876,AH,Morpholine,1,soluble
2877,AH,Cyclohexylamine,3,theta
2878,AH,Pyridine,1,soluble
2879,AH,Carbon_terachloride,5,non-soluble
2880,AH,Chloroform,6,non-soluble
2881,AH,Ethylen_chloride,6,non-soluble
2882,AH,Methylene_chloride,6,non-soluble
2883,AH,1_1_1-Trichloroethane,6,non-soluble
2884,AH,1-Chlorobutane,6,non-soluble
2885,AH,Trichloroethylene,5,non-soluble
2886,AH,2_2-Dichloro_diethyl_ether,6,non-soluble
2887,AH,Chlorobenzene,5,non-soluble
2888,AH,o-Dichlorobenzene,4,theta
2889,AH,alpha-bromonaphtaline,4,theta
2890,AH,Cyclohexylchloride,6,non-soluble
2891,AH,Benzene,5,non-soluble
2892,AH,Toluene,5,non-soluble
2893,AH,Xylene,6,non-soluble
2894,AH,Ethyl_benzene,6,non-soluble
2895,AH,Styrene,5,non-soluble
2896,AH,Tetralin,4,theta
2897,AH,Hexane,6,non-soluble
2898,AH,Cyclohexane,6,non-soluble
2899,AH,Acetic_acid,4,theta
2900,AH,Formic_acid_90,1,soluble
2901,AH,Butyric_acid,6,non-soluble
2902,AH,Benzaldehyde,3,theta
2903,AH,Acetic_anhydride,5,non-soluble
