,solutes,solvents,solubility_param
0,A,Methanol ,5
1,A,Ethanol_96,4
2,A,Ethanol_99p9,5
3,A,n-Propanol,5
4,A,n-Butanol,5
5,A,Pentanol-1,4
6,A,2-Ethyl_butanol,3
7,A,2-Ethyl_hexanol,4
8,A,Methyl_isobutyl_carbinol,4
9,A,Propylene_glycol,6
10,A,Ethylene_glycol,6
11,A,1_3-Butandiol,5
12,A,Glycerol,4
13,A,Cyclohexanol,5
14,A,m-Cresol,3
15,A,Ethyl_lactate,1
16,A,n-Butyl_lactate,1
17,A,Diethylene_glycol,6
18,A,Dipropylene_glycol,6
19,A,2-Butoxyethanol,1
20,A,Methyl_dioxitol,1
21,A,Butyl_dioxitol,1
22,A,Oxitole,1
23,A,Diacetone_alcohol,1
24,A,Cellusolve_acetate,1
25,A,Methyl_Cellusolve,4
26,A,Diethyl_ether,3
27,A,Furan,1
28,A,Dioxane,1
29,A,Methylal,1
30,A,Diethyl_sulfide,1
31,A,Carbon_disulfide,4
32,A,Dimethyl_sulphoxide,4
33,A,Propylene_carbonate,1
34,A,gamma_Butyrolactone,1
35,A,Acetone,1
36,A,Methyl_ethyl_ketone,1
37,A,Methyl_isobutyl_ketone,1
38,A,Methyl_isoamyl_ketone,1
39,A,Diisobutyl_ketone,1
40,A,Isophorone,1
41,A,Acetophenone,1
42,A,Cyclohexanone,1
43,A,Tetrahydrofuran,1
44,A,Mesityl_oxide,1
45,A,Ethyl_acetate,1
46,A,n-Butyl_acetate,1
47,A,Isoamyl_acetate,1
48,A,Isobutyl_isobutyrate,1
49,A,Acetonitrile,1
50,A,Butyronitrite,1
51,A,Nitromethane,1
52,A,Nitroethane,1
53,A,2-Nitropropane,1
54,A,Aniline,1
55,A,Nitrobenzene,1
56,A,Ethanolamine,6
57,A,Dimethyl_formamide,1
58,A,Dipropyl_amine,1
59,A,Diethyl_amine,1
60,A,Morpholine,1
61,A,Cyclohexylamine,1
62,A,Pyridine,1
63,A,Carbon_terachloride,1
64,A,Chloroform,1
65,A,Ethylen_chloride,1
66,A,Methylene_chloride,1
67,A,1_1_1-Trichloroethane,1
68,A,1-Chlorobutane,1
69,A,Trichloroethylene,1
70,A,2_2-Dichloro_diethyl_ether,1
71,A,Chlorobenzene,1
72,A,o-Dichlorobenzene,1
73,A,alpha-bromonaphtaline,1
74,A,Cyclohexylchloride,1
75,A,Benzene,1
76,A,Toluene,1
77,A,Xylene,1
78,A,Ethyl_benzene,1
79,A,Styrene,1
80,A,Tetralin,1
81,A,Hexane,6
82,A,Cyclohexane,6
83,A,Acetic_acid,1
84,A,Formic_acid_90,1
85,A,Butyric_acid,1
86,A,Benzaldehyde,1
87,A,Acetic_anhydride,1
88,B,Methanol ,6
89,B,Ethanol_96,6
90,B,Ethanol_99p9,6
91,B,n-Propanol,6
92,B,n-Butanol,6
93,B,Pentanol-1,6
94,B,2-Ethyl_butanol,2
95,B,2-Ethyl_hexanol,2
96,B,Methyl_isobutyl_carbinol,5
97,B,Propylene_glycol,6
98,B,Ethylene_glycol,6
99,B,1_3-Butandiol,6
100,B,Glycerol,6
101,B,Cyclohexanol,6
102,B,m-Cresol,3
103,B,Ethyl_lactate,1
104,B,n-Butyl_lactate,1
105,B,Diethylene_glycol,6
106,B,Dipropylene_glycol,6
107,B,2-Butoxyethanol,5
108,B,Methyl_dioxitol,1
109,B,Butyl_dioxitol,3
110,B,Oxitole,5
111,B,Diacetone_alcohol,2
112,B,Cellusolve_acetate,1
113,B,Methyl_Cellusolve,3
114,B,Diethyl_ether,6
115,B,Furan,4
116,B,Dioxane,1
117,B,Methylal,5
118,B,Diethyl_sulfide,4
119,B,Carbon_disulfide,5
120,B,Dimethyl_sulphoxide,1
121,B,Propylene_carbonate,1
122,B,gamma_Butyrolactone,1
123,B,Acetone,1
124,B,Methyl_ethyl_ketone,1
125,B,Methyl_isobutyl_ketone,1
126,B,Methyl_isoamyl_ketone,1
127,B,Diisobutyl_ketone,3
128,B,Isophorone,1
129,B,Acetophenone,1
130,B,Cyclohexanone,1
131,B,Tetrahydrofuran,1
132,B,Mesityl_oxide,1
133,B,Ethyl_acetate,1
134,B,n-Butyl_acetate,1
135,B,Isoamyl_acetate,1
136,B,Isobutyl_isobutyrate,5
137,B,Acetonitrile,6
138,B,Butyronitrite,1
139,B,Nitromethane,6
140,B,Nitroethane,1
141,B,2-Nitropropane,1
142,B,Aniline,3
143,B,Nitrobenzene,1
144,B,Ethanolamine,6
145,B,Dimethyl_formamide,1
146,B,Dipropyl_amine,6
147,B,Diethyl_amine,6
148,B,Morpholine,1
149,B,Cyclohexylamine,1
150,B,Pyridine,1
151,B,Carbon_terachloride,5
152,B,Chloroform,1
153,B,Ethylen_chloride,1
154,B,Methylene_chloride,1
155,B,1_1_1-Trichloroethane,5
156,B,1-Chlorobutane,4
157,B,Trichloroethylene,4
158,B,2_2-Dichloro_diethyl_ether,1
159,B,Chlorobenzene,1
160,B,o-Dichlorobenzene,1
161,B,alpha-bromonaphtaline,6
162,B,Cyclohexylchloride,3
163,B,Benzene,5
164,B,Toluene,2
165,B,Xylene,4
166,B,Ethyl_benzene,5
167,B,Styrene,2
168,B,Tetralin,3
169,B,Hexane,5
170,B,Cyclohexane,6
171,B,Acetic_acid,6
172,B,Formic_acid_90,6
173,B,Butyric_acid,6
174,B,Benzaldehyde,1
175,B,Acetic_anhydride,5
176,C,Methanol ,4
177,C,Ethanol_96,4
178,C,Ethanol_99p9,3
179,C,n-Propanol,3
180,C,n-Butanol,3
181,C,Pentanol-1,5
182,C,2-Ethyl_butanol,5
183,C,2-Ethyl_hexanol,5
184,C,Methyl_isobutyl_carbinol,5
185,C,Propylene_glycol,5
186,C,Ethylene_glycol,6
187,C,1_3-Butandiol,5
188,C,Glycerol,6
189,C,Cyclohexanol,1
190,C,m-Cresol,1
191,C,Ethyl_lactate,1
192,C,n-Butyl_lactate,1
193,C,Diethylene_glycol,1
194,C,Dipropylene_glycol,1
195,C,2-Butoxyethanol,1
196,C,Methyl_dioxitol,1
197,C,Butyl_dioxitol,1
198,C,Oxitole,1
199,C,Diacetone_alcohol,1
200,C,Cellusolve_acetate,1
201,C,Methyl_Cellusolve,1
202,C,Diethyl_ether,3
203,C,Furan,1
204,C,Dioxane,1
205,C,Methylal,1
206,C,Diethyl_sulfide,4
207,C,Carbon_disulfide,3
208,C,Dimethyl_sulphoxide,1
209,C,Propylene_carbonate,1
210,C,gamma_Butyrolactone,1
211,C,Acetone,1
212,C,Methyl_ethyl_ketone,1
213,C,Methyl_isobutyl_ketone,1
214,C,Methyl_isoamyl_ketone,1
215,C,Diisobutyl_ketone,4
216,C,Isophorone,1
217,C,Acetophenone,1
218,C,Cyclohexanone,1
219,C,Tetrahydrofuran,1
220,C,Mesityl_oxide,1
221,C,Ethyl_acetate,1
222,C,n-Butyl_acetate,1
223,C,Isoamyl_acetate,1
224,C,Isobutyl_isobutyrate,5
225,C,Acetonitrile,1
226,C,Butyronitrite,1
227,C,Nitromethane,2
228,C,Nitroethane,1
229,C,2-Nitropropane,2
230,C,Aniline,1
231,C,Nitrobenzene,1
232,C,Ethanolamine,1
233,C,Dimethyl_formamide,1
234,C,Dipropyl_amine,1
235,C,Diethyl_amine,1
236,C,Morpholine,1
237,C,Cyclohexylamine,1
238,C,Pyridine,1
239,C,Carbon_terachloride,4
240,C,Chloroform,1
241,C,Ethylen_chloride,1
242,C,Methylene_chloride,1
243,C,1_1_1-Trichloroethane,4
244,C,1-Chlorobutane,2
245,C,Trichloroethylene,2
246,C,2_2-Dichloro_diethyl_ether,1
247,C,Chlorobenzene,2
248,C,o-Dichlorobenzene,2
249,C,alpha-bromonaphtaline,2
250,C,Cyclohexylchloride,4
251,C,Benzene,1
252,C,Toluene,2
253,C,Xylene,3
254,C,Ethyl_benzene,4
255,C,Styrene,2
256,C,Tetralin,4
257,C,Hexane,6
258,C,Cyclohexane,6
259,C,Acetic_acid,1
260,C,Formic_acid_90,5
261,C,Butyric_acid,1
262,C,Benzaldehyde,1
263,C,Acetic_anhydride,1
264,D,Methanol ,5
265,D,Ethanol_96,6
266,D,Ethanol_99p9,5
267,D,n-Propanol,5
268,D,n-Butanol,5
269,D,Pentanol-1,3
270,D,2-Ethyl_butanol,1
271,D,2-Ethyl_hexanol,1
272,D,Methyl_isobutyl_carbinol,1
273,D,Propylene_glycol,6
274,D,Ethylene_glycol,4
275,D,1_3-Butandiol,5
276,D,Glycerol,5
277,D,Cyclohexanol,1
278,D,m-Cresol,1
279,D,Ethyl_lactate,1
280,D,n-Butyl_lactate,1
281,D,Diethylene_glycol,5
282,D,Dipropylene_glycol,6
283,D,2-Butoxyethanol,1
284,D,Methyl_dioxitol,1
285,D,Butyl_dioxitol,1
286,D,Oxitole,1
287,D,Diacetone_alcohol,1
288,D,Cellusolve_acetate,1
289,D,Methyl_Cellusolve,1
290,D,Diethyl_ether,1
291,D,Furan,1
292,D,Dioxane,1
293,D,Methylal,1
294,D,Diethyl_sulfide,1
295,D,Carbon_disulfide,1
296,D,Dimethyl_sulphoxide,3
297,D,Propylene_carbonate,5
298,D,gamma_Butyrolactone,6
299,D,Acetone,1
300,D,Methyl_ethyl_ketone,1
301,D,Methyl_isobutyl_ketone,1
302,D,Methyl_isoamyl_ketone,1
303,D,Diisobutyl_ketone,1
304,D,Isophorone,1
305,D,Acetophenone,1
306,D,Cyclohexanone,1
307,D,Tetrahydrofuran,1
308,D,Mesityl_oxide,1
309,D,Ethyl_acetate,1
310,D,n-Butyl_acetate,1
311,D,Isoamyl_acetate,1
312,D,Isobutyl_isobutyrate,1
313,D,Acetonitrile,6
314,D,Butyronitrite,1
315,D,Nitromethane,5
316,D,Nitroethane,1
317,D,2-Nitropropane,1
318,D,Aniline,1
319,D,Nitrobenzene,1
320,D,Ethanolamine,6
321,D,Dimethyl_formamide,1
322,D,Dipropyl_amine,1
323,D,Diethyl_amine,1
324,D,Morpholine,1
325,D,Cyclohexylamine,1
326,D,Pyridine,1
327,D,Carbon_terachloride,1
328,D,Chloroform,1
329,D,Ethylen_chloride,1
330,D,Methylene_chloride,1
331,D,1_1_1-Trichloroethane,1
332,D,1-Chlorobutane,1
333,D,Trichloroethylene,1
334,D,2_2-Dichloro_diethyl_ether,1
335,D,Chlorobenzene,1
336,D,o-Dichlorobenzene,1
337,D,alpha-bromonaphtaline,1
338,D,Cyclohexylchloride,1
339,D,Benzene,1
340,D,Toluene,1
341,D,Xylene,1
342,D,Ethyl_benzene,1
343,D,Styrene,1
344,D,Tetralin,1
345,D,Hexane,1
346,D,Cyclohexane,1
347,D,Acetic_acid,4
348,D,Formic_acid_90,3
349,D,Butyric_acid,1
350,D,Benzaldehyde,1
351,D,Acetic_anhydride,3
352,E,Methanol ,4
353,E,Ethanol_96,4
354,E,Ethanol_99p9,1
355,E,n-Propanol,1
356,E,n-Butanol,1
357,E,Pentanol-1,1
358,E,2-Ethyl_butanol,1
359,E,2-Ethyl_hexanol,1
360,E,Methyl_isobutyl_carbinol,1
361,E,Propylene_glycol,4
362,E,Ethylene_glycol,6
363,E,1_3-Butandiol,4
364,E,Glycerol,6
365,E,Cyclohexanol,1
366,E,m-Cresol,1
367,E,Ethyl_lactate,1
368,E,n-Butyl_lactate,1
369,E,Diethylene_glycol,3
370,E,Dipropylene_glycol,1
371,E,2-Butoxyethanol,1
372,E,Methyl_dioxitol,1
373,E,Butyl_dioxitol,1
374,E,Oxitole,1
375,E,Diacetone_alcohol,1
376,E,Cellusolve_acetate,1
377,E,Methyl_Cellusolve,1
378,E,Diethyl_ether,4
379,E,Furan,1
380,E,Dioxane,1
381,E,Methylal,1
382,E,Diethyl_sulfide,1
383,E,Carbon_disulfide,5
384,E,Dimethyl_sulphoxide,1
385,E,Propylene_carbonate,6
386,E,gamma_Butyrolactone,1
387,E,Acetone,1
388,E,Methyl_ethyl_ketone,1
389,E,Methyl_isobutyl_ketone,1
390,E,Methyl_isoamyl_ketone,1
391,E,Diisobutyl_ketone,1
392,E,Isophorone,1
393,E,Acetophenone,1
394,E,Cyclohexanone,1
395,E,Tetrahydrofuran,1
396,E,Mesityl_oxide,1
397,E,Ethyl_acetate,1
398,E,n-Butyl_acetate,1
399,E,Isoamyl_acetate,1
400,E,Isobutyl_isobutyrate,5
401,E,Acetonitrile,5
402,E,Butyronitrite,3
403,E,Nitromethane,6
404,E,Nitroethane,5
405,E,2-Nitropropane,6
406,E,Aniline,1
407,E,Nitrobenzene,1
408,E,Ethanolamine,2
409,E,Dimethyl_formamide,1
410,E,Dipropyl_amine,1
411,E,Diethyl_amine,1
412,E,Morpholine,1
413,E,Cyclohexylamine,1
414,E,Pyridine,1
415,E,Carbon_terachloride,2
416,E,Chloroform,1
417,E,Ethylen_chloride,1
418,E,Methylene_chloride,1
419,E,1_1_1-Trichloroethane,1
420,E,1-Chlorobutane,1
421,E,Trichloroethylene,1
422,E,2_2-Dichloro_diethyl_ether,5
423,E,Chlorobenzene,1
424,E,o-Dichlorobenzene,1
425,E,alpha-bromonaphtaline,1
426,E,Cyclohexylchloride,1
427,E,Benzene,1
428,E,Toluene,1
429,E,Xylene,5
430,E,Ethyl_benzene,2
431,E,Styrene,1
432,E,Tetralin,1
433,E,Hexane,6
434,E,Cyclohexane,6
435,E,Acetic_acid,2
436,E,Formic_acid_90,6
437,E,Butyric_acid,1
438,E,Benzaldehyde,1
439,E,Acetic_anhydride,2
440,F,Methanol ,5
441,F,Ethanol_96,1
442,F,Ethanol_99p9,1
443,F,n-Propanol,1
444,F,n-Butanol,1
445,F,Pentanol-1,1
446,F,2-Ethyl_butanol,1
447,F,2-Ethyl_hexanol,1
448,F,Methyl_isobutyl_carbinol,1
449,F,Propylene_glycol,6
450,F,Ethylene_glycol,6
451,F,1_3-Butandiol,6
452,F,Glycerol,6
453,F,Cyclohexanol,1
454,F,m-Cresol,1
455,F,Ethyl_lactate,1
456,F,n-Butyl_lactate,1
457,F,Diethylene_glycol,5
458,F,Dipropylene_glycol,5
459,F,2-Butoxyethanol,1
460,F,Methyl_dioxitol,1
461,F,Butyl_dioxitol,1
462,F,Oxitole,1
463,F,Diacetone_alcohol,1
464,F,Cellusolve_acetate,1
465,F,Methyl_Cellusolve,1
466,F,Diethyl_ether,5
467,F,Furan,1
468,F,Dioxane,1
469,F,Methylal,1
470,F,Diethyl_sulfide,5
471,F,Carbon_disulfide,5
472,F,Dimethyl_sulphoxide,2
473,F,Propylene_carbonate,6
474,F,gamma_Butyrolactone,3
475,F,Acetone,1
476,F,Methyl_ethyl_ketone,1
477,F,Methyl_isobutyl_ketone,1
478,F,Methyl_isoamyl_ketone,1
479,F,Diisobutyl_ketone,5
480,F,Isophorone,1
481,F,Acetophenone,1
482,F,Cyclohexanone,1
483,F,Tetrahydrofuran,1
484,F,Mesityl_oxide,1
485,F,Ethyl_acetate,1
486,F,n-Butyl_acetate,1
487,F,Isoamyl_acetate,1
488,F,Isobutyl_isobutyrate,5
489,F,Acetonitrile,5
490,F,Butyronitrite,2
491,F,Nitromethane,5
492,F,Nitroethane,5
493,F,2-Nitropropane,5
494,F,Aniline,1
495,F,Nitrobenzene,1
496,F,Ethanolamine,6
497,F,Dimethyl_formamide,1
498,F,Dipropyl_amine,1
499,F,Diethyl_amine,1
500,F,Morpholine,1
501,F,Cyclohexylamine,1
502,F,Pyridine,1
503,F,Carbon_terachloride,5
504,F,Chloroform,1
505,F,Ethylen_chloride,1
506,F,Methylene_chloride,1
507,F,1_1_1-Trichloroethane,4
508,F,1-Chlorobutane,4
509,F,Trichloroethylene,1
510,F,2_2-Dichloro_diethyl_ether,3
511,F,Chlorobenzene,1
512,F,o-Dichlorobenzene,1
513,F,alpha-bromonaphtaline,1
514,F,Cyclohexylchloride,4
515,F,Benzene,1
516,F,Toluene,2
517,F,Xylene,3
518,F,Ethyl_benzene,3
519,F,Styrene,1
520,F,Tetralin,2
521,F,Hexane,6
522,F,Cyclohexane,5
523,F,Acetic_acid,1
524,F,Formic_acid_90,1
525,F,Butyric_acid,1
526,F,Benzaldehyde,1
527,F,Acetic_anhydride,5
528,G,Methanol ,6
529,G,Ethanol_96,6
530,G,Ethanol_99p9,6
531,G,n-Propanol,6
532,G,n-Butanol,6
533,G,Pentanol-1,6
534,G,2-Ethyl_butanol,6
535,G,2-Ethyl_hexanol,6
536,G,Methyl_isobutyl_carbinol,6
537,G,Propylene_glycol,6
538,G,Ethylene_glycol,6
539,G,1_3-Butandiol,6
540,G,Glycerol,6
541,G,Cyclohexanol,6
542,G,m-Cresol,5
543,G,Ethyl_lactate,6
544,G,n-Butyl_lactate,5
545,G,Diethylene_glycol,6
546,G,Dipropylene_glycol,6
547,G,2-Butoxyethanol,6
548,G,Methyl_dioxitol,6
549,G,Butyl_dioxitol,4
550,G,Oxitole,5
551,G,Diacetone_alcohol,5
552,G,Cellusolve_acetate,1
553,G,Methyl_Cellusolve,6
554,G,Diethyl_ether,3
555,G,Furan,1
556,G,Dioxane,1
557,G,Methylal,1
558,G,Diethyl_sulfide,1
559,G,Carbon_disulfide,1
560,G,Dimethyl_sulphoxide,6
561,G,Propylene_carbonate,6
562,G,gamma_Butyrolactone,1
563,G,Acetone,3
564,G,Methyl_ethyl_ketone,1
565,G,Methyl_isobutyl_ketone,1
566,G,Methyl_isoamyl_ketone,1
567,G,Diisobutyl_ketone,3
568,G,Isophorone,1
569,G,Acetophenone,1
570,G,Cyclohexanone,1
571,G,Tetrahydrofuran,1
572,G,Mesityl_oxide,1
573,G,Ethyl_acetate,1
574,G,n-Butyl_acetate,1
575,G,Isoamyl_acetate,1
576,G,Isobutyl_isobutyrate,1
577,G,Acetonitrile,4
578,G,Butyronitrite,1
579,G,Nitromethane,5
580,G,Nitroethane,2
581,G,2-Nitropropane,1
582,G,Aniline,1
583,G,Nitrobenzene,1
584,G,Ethanolamine,6
585,G,Dimethyl_formamide,1
586,G,Dipropyl_amine,1
587,G,Diethyl_amine,1
588,G,Morpholine,1
589,G,Cyclohexylamine,1
590,G,Pyridine,1
591,G,Carbon_terachloride,1
592,G,Chloroform,1
593,G,Ethylen_chloride,1
594,G,Methylene_chloride,1
595,G,1_1_1-Trichloroethane,1
596,G,1-Chlorobutane,1
597,G,Trichloroethylene,1
598,G,2_2-Dichloro_diethyl_ether,1
599,G,Chlorobenzene,1
600,G,o-Dichlorobenzene,1
601,G,alpha-bromonaphtaline,1
602,G,Cyclohexylchloride,1
603,G,Benzene,1
604,G,Toluene,1
605,G,Xylene,1
606,G,Ethyl_benzene,1
607,G,Styrene,1
608,G,Tetralin,1
609,G,Hexane,3
610,G,Cyclohexane,1
611,G,Acetic_acid,6
612,G,Formic_acid_90,6
613,G,Butyric_acid,4
614,G,Benzaldehyde,1
615,G,Acetic_anhydride,6
616,H,Methanol ,1
617,H,Ethanol_96,1
618,H,Ethanol_99p9,4
619,H,n-Propanol,4
620,H,n-Butanol,5
621,H,Pentanol-1,2
622,H,2-Ethyl_butanol,5
623,H,2-Ethyl_hexanol,5
624,H,Methyl_isobutyl_carbinol,5
625,H,Propylene_glycol,6
626,H,Ethylene_glycol,6
627,H,1_3-Butandiol,6
628,H,Glycerol,6
629,H,Cyclohexanol,1
630,H,m-Cresol,1
631,H,Ethyl_lactate,1
632,H,n-Butyl_lactate,1
633,H,Diethylene_glycol,6
634,H,Dipropylene_glycol,5
635,H,2-Butoxyethanol,2
636,H,Methyl_dioxitol,1
637,H,Butyl_dioxitol,1
638,H,Oxitole,1
639,H,Diacetone_alcohol,1
640,H,Cellusolve_acetate,1
641,H,Methyl_Cellusolve,1
642,H,Diethyl_ether,4
643,H,Furan,1
644,H,Dioxane,1
645,H,Methylal,1
646,H,Diethyl_sulfide,3
647,H,Carbon_disulfide,4
648,H,Dimethyl_sulphoxide,1
649,H,Propylene_carbonate,1
650,H,gamma_Butyrolactone,1
651,H,Acetone,1
652,H,Methyl_ethyl_ketone,1
653,H,Methyl_isobutyl_ketone,1
654,H,Methyl_isoamyl_ketone,1
655,H,Diisobutyl_ketone,5
656,H,Isophorone,1
657,H,Acetophenone,1
658,H,Cyclohexanone,1
659,H,Tetrahydrofuran,1
660,H,Mesityl_oxide,1
661,H,Ethyl_acetate,1
662,H,n-Butyl_acetate,1
663,H,Isoamyl_acetate,1
664,H,Isobutyl_isobutyrate,5
665,H,Acetonitrile,1
666,H,Butyronitrite,1
667,H,Nitromethane,1
668,H,Nitroethane,1
669,H,2-Nitropropane,1
670,H,Aniline,1
671,H,Nitrobenzene,1
672,H,Ethanolamine,6
673,H,Dimethyl_formamide,1
674,H,Dipropyl_amine,5
675,H,Diethyl_amine,5
676,H,Morpholine,1
677,H,Cyclohexylamine,1
678,H,Pyridine,1
679,H,Carbon_terachloride,1
680,H,Chloroform,1
681,H,Ethylen_chloride,1
682,H,Methylene_chloride,1
683,H,1_1_1-Trichloroethane,1
684,H,1-Chlorobutane,1
685,H,Trichloroethylene,1
686,H,2_2-Dichloro_diethyl_ether,1
687,H,Chlorobenzene,1
688,H,o-Dichlorobenzene,1
689,H,alpha-bromonaphtaline,1
690,H,Cyclohexylchloride,4
691,H,Benzene,1
692,H,Toluene,1
693,H,Xylene,4
694,H,Ethyl_benzene,1
695,H,Styrene,1
696,H,Tetralin,5
697,H,Hexane,6
698,H,Cyclohexane,4
699,H,Acetic_acid,1
700,H,Formic_acid_90,1
701,H,Butyric_acid,1
702,H,Benzaldehyde,1
703,H,Acetic_anhydride,1
704,I,Methanol ,3
705,I,Ethanol_96,1
706,I,Ethanol_99p9,1
707,I,n-Propanol,1
708,I,n-Butanol,1
709,I,Pentanol-1,1
710,I,2-Ethyl_butanol,1
711,I,2-Ethyl_hexanol,1
712,I,Methyl_isobutyl_carbinol,1
713,I,Propylene_glycol,1
714,I,Ethylene_glycol,6
715,I,1_3-Butandiol,5
716,I,Glycerol,6
717,I,Cyclohexanol,1
718,I,m-Cresol,1
719,I,Ethyl_lactate,1
720,I,n-Butyl_lactate,1
721,I,Diethylene_glycol,4
722,I,Dipropylene_glycol,1
723,I,2-Butoxyethanol,1
724,I,Methyl_dioxitol,1
725,I,Butyl_dioxitol,1
726,I,Oxitole,1
727,I,Diacetone_alcohol,1
728,I,Cellusolve_acetate,5
729,I,Methyl_Cellusolve,1
730,I,Diethyl_ether,6
731,I,Furan,3
732,I,Dioxane,6
733,I,Methylal,6
734,I,Diethyl_sulfide,5
735,I,Carbon_disulfide,5
736,I,Dimethyl_sulphoxide,1
737,I,Propylene_carbonate,6
738,I,gamma_Butyrolactone,1
739,I,Acetone,6
740,I,Methyl_ethyl_ketone,6
741,I,Methyl_isobutyl_ketone,6
742,I,Methyl_isoamyl_ketone,6
743,I,Diisobutyl_ketone,6
744,I,Isophorone,1
745,I,Acetophenone,1
746,I,Cyclohexanone,1
747,I,Tetrahydrofuran,1
748,I,Mesityl_oxide,5
749,I,Ethyl_acetate,6
750,I,n-Butyl_acetate,6
751,I,Isoamyl_acetate,5
752,I,Isobutyl_isobutyrate,5
753,I,Acetonitrile,6
754,I,Butyronitrite,5
755,I,Nitromethane,5
756,I,Nitroethane,6
757,I,2-Nitropropane,6
758,I,Aniline,1
759,I,Nitrobenzene,1
760,I,Ethanolamine,5
761,I,Dimethyl_formamide,1
762,I,Dipropyl_amine,6
763,I,Diethyl_amine,4
764,I,Morpholine,1
765,I,Cyclohexylamine,1
766,I,Pyridine,1
767,I,Carbon_terachloride,6
768,I,Chloroform,1
769,I,Ethylen_chloride,1
770,I,Methylene_chloride,1
771,I,1_1_1-Trichloroethane,6
772,I,1-Chlorobutane,3
773,I,Trichloroethylene,1
774,I,2_2-Dichloro_diethyl_ether,5
775,I,Chlorobenzene,1
776,I,o-Dichlorobenzene,2
777,I,alpha-bromonaphtaline,6
778,I,Cyclohexylchloride,5
779,I,Benzene,5
780,I,Toluene,2
781,I,Xylene,5
782,I,Ethyl_benzene,4
783,I,Styrene,3
784,I,Tetralin,5
785,I,Hexane,6
786,I,Cyclohexane,6
787,I,Acetic_acid,1
788,I,Formic_acid_90,1
789,I,Butyric_acid,1
790,I,Benzaldehyde,1
791,I,Acetic_anhydride,1
792,J,Methanol ,1
793,J,Ethanol_96,6
794,J,Ethanol_99p9,3
795,J,n-Propanol,6
796,J,n-Butanol,6
797,J,Pentanol-1,6
798,J,2-Ethyl_butanol,6
799,J,2-Ethyl_hexanol,6
800,J,Methyl_isobutyl_carbinol,6
801,J,Propylene_glycol,6
802,J,Ethylene_glycol,6
803,J,1_3-Butandiol,6
804,J,Glycerol,6
805,J,Cyclohexanol,6
806,J,m-Cresol,5
807,J,Ethyl_lactate,1
808,J,n-Butyl_lactate,1
809,J,Diethylene_glycol,1
810,J,Dipropylene_glycol,1
811,J,2-Butoxyethanol,1
812,J,Methyl_dioxitol,1
813,J,Butyl_dioxitol,1
814,J,Oxitole,1
815,J,Diacetone_alcohol,1
816,J,Cellusolve_acetate,1
817,J,Methyl_Cellusolve,1
818,J,Diethyl_ether,6
819,J,Furan,6
820,J,Dioxane,6
821,J,Methylal,1
822,J,Diethyl_sulfide,6
823,J,Carbon_disulfide,6
824,J,Dimethyl_sulphoxide,1
825,J,Propylene_carbonate,1
826,J,gamma_Butyrolactone,1
827,J,Acetone,1
828,J,Methyl_ethyl_ketone,1
829,J,Methyl_isobutyl_ketone,1
830,J,Methyl_isoamyl_ketone,1
831,J,Diisobutyl_ketone,1
832,J,Isophorone,1
833,J,Acetophenone,1
834,J,Cyclohexanone,1
835,J,Tetrahydrofuran,1
836,J,Mesityl_oxide,1
837,J,Ethyl_acetate,1
838,J,n-Butyl_acetate,1
839,J,Isoamyl_acetate,1
840,J,Isobutyl_isobutyrate,1
841,J,Acetonitrile,1
842,J,Butyronitrite,1
843,J,Nitromethane,1
844,J,Nitroethane,1
845,J,2-Nitropropane,1
846,J,Aniline,3
847,J,Nitrobenzene,1
848,J,Ethanolamine,3
849,J,Dimethyl_formamide,1
850,J,Dipropyl_amine,5
851,J,Diethyl_amine,3
852,J,Morpholine,1
853,J,Cyclohexylamine,3
854,J,Pyridine,1
855,J,Carbon_terachloride,6
856,J,Chloroform,6
857,J,Ethylen_chloride,6
858,J,Methylene_chloride,6
859,J,1_1_1-Trichloroethane,6
860,J,1-Chlorobutane,6
861,J,Trichloroethylene,6
862,J,2_2-Dichloro_diethyl_ether,5
863,J,Chlorobenzene,6
864,J,o-Dichlorobenzene,6
865,J,alpha-bromonaphtaline,6
866,J,Cyclohexylchloride,6
867,J,Benzene,6
868,J,Toluene,6
869,J,Xylene,5
870,J,Ethyl_benzene,6
871,J,Styrene,6
872,J,Tetralin,6
873,J,Hexane,6
874,J,Cyclohexane,6
875,J,Acetic_acid,1
876,J,Formic_acid_90,6
877,J,Butyric_acid,6
878,J,Benzaldehyde,1
879,J,Acetic_anhydride,1
880,K,Methanol ,6
881,K,Ethanol_96,6
882,K,Ethanol_99p9,6
883,K,n-Propanol,6
884,K,n-Butanol,6
885,K,Pentanol-1,6
886,K,2-Ethyl_butanol,6
887,K,2-Ethyl_hexanol,6
888,K,Methyl_isobutyl_carbinol,6
889,K,Propylene_glycol,6
890,K,Ethylene_glycol,6
891,K,1_3-Butandiol,6
892,K,Glycerol,6
893,K,Cyclohexanol,6
894,K,m-Cresol,6
895,K,Ethyl_lactate,5
896,K,n-Butyl_lactate,1
897,K,Diethylene_glycol,6
898,K,Dipropylene_glycol,6
899,K,2-Butoxyethanol,2
900,K,Methyl_dioxitol,4
901,K,Butyl_dioxitol,1
902,K,Oxitole,5
903,K,Diacetone_alcohol,3
904,K,Cellusolve_acetate,1
905,K,Methyl_Cellusolve,6
906,K,Diethyl_ether,6
907,K,Furan,3
908,K,Dioxane,1
909,K,Methylal,5
910,K,Diethyl_sulfide,1
911,K,Carbon_disulfide,1
912,K,Dimethyl_sulphoxide,1
913,K,Propylene_carbonate,6
914,K,gamma_Butyrolactone,3
915,K,Acetone,3
916,K,Methyl_ethyl_ketone,1
917,K,Methyl_isobutyl_ketone,1
918,K,Methyl_isoamyl_ketone,1
919,K,Diisobutyl_ketone,1
920,K,Isophorone,1
921,K,Acetophenone,1
922,K,Cyclohexanone,1
923,K,Tetrahydrofuran,1
924,K,Mesityl_oxide,1
925,K,Ethyl_acetate,1
926,K,n-Butyl_acetate,1
927,K,Isoamyl_acetate,1
928,K,Isobutyl_isobutyrate,1
929,K,Acetonitrile,6
930,K,Butyronitrite,3
931,K,Nitromethane,6
932,K,Nitroethane,5
933,K,2-Nitropropane,3
934,K,Aniline,1
935,K,Nitrobenzene,1
936,K,Ethanolamine,3
937,K,Dimethyl_formamide,1
938,K,Dipropyl_amine,5
939,K,Diethyl_amine,5
940,K,Morpholine,1
941,K,Cyclohexylamine,3
942,K,Pyridine,1
943,K,Carbon_terachloride,1
944,K,Chloroform,1
945,K,Ethylen_chloride,1
946,K,Methylene_chloride,1
947,K,1_1_1-Trichloroethane,1
948,K,1-Chlorobutane,1
949,K,Trichloroethylene,1
950,K,2_2-Dichloro_diethyl_ether,1
951,K,Chlorobenzene,1
952,K,o-Dichlorobenzene,1
953,K,alpha-bromonaphtaline,1
954,K,Cyclohexylchloride,1
955,K,Benzene,1
956,K,Toluene,1
957,K,Xylene,1
958,K,Ethyl_benzene,1
959,K,Styrene,1
960,K,Tetralin,1
961,K,Hexane,6
962,K,Cyclohexane,6
963,K,Acetic_acid,6
964,K,Formic_acid_90,6
965,K,Butyric_acid,6
966,K,Benzaldehyde,1
967,K,Acetic_anhydride,6
968,L,Methanol ,6
969,L,Ethanol_96,6
970,L,Ethanol_99p9,6
971,L,n-Propanol,6
972,L,n-Butanol,6
973,L,Pentanol-1,6
974,L,2-Ethyl_butanol,6
975,L,2-Ethyl_hexanol,6
976,L,Methyl_isobutyl_carbinol,6
977,L,Propylene_glycol,6
978,L,Ethylene_glycol,6
979,L,1_3-Butandiol,6
980,L,Glycerol,6
981,L,Cyclohexanol,3
982,L,m-Cresol,4
983,L,Ethyl_lactate,1
984,L,n-Butyl_lactate,6
985,L,Diethylene_glycol,6
986,L,Dipropylene_glycol,6
987,L,2-Butoxyethanol,6
988,L,Methyl_dioxitol,4
989,L,Butyl_dioxitol,6
990,L,Oxitole,6
991,L,Diacetone_alcohol,4
992,L,Cellusolve_acetate,4
993,L,Methyl_Cellusolve,4
994,L,Diethyl_ether,6
995,L,Furan,6
996,L,Dioxane,1
997,L,Methylal,5
998,L,Diethyl_sulfide,6
999,L,Carbon_disulfide,6
1000,L,Dimethyl_sulphoxide,1
1001,L,Propylene_carbonate,3
1002,L,gamma_Butyrolactone,1
1003,L,Acetone,1
1004,L,Methyl_ethyl_ketone,4
1005,L,Methyl_isobutyl_ketone,6
1006,L,Methyl_isoamyl_ketone,6
1007,L,Diisobutyl_ketone,6
1008,L,Isophorone,6
1009,L,Acetophenone,1
1010,L,Cyclohexanone,3
1011,L,Tetrahydrofuran,1
1012,L,Mesityl_oxide,6
1013,L,Ethyl_acetate,5
1014,L,n-Butyl_acetate,6
1015,L,Isoamyl_acetate,6
1016,L,Isobutyl_isobutyrate,6
1017,L,Acetonitrile,4
1018,L,Butyronitrite,4
1019,L,Nitromethane,1
1020,L,Nitroethane,5
1021,L,2-Nitropropane,5
1022,L,Aniline,3
1023,L,Nitrobenzene,4
1024,L,Ethanolamine,4
1025,L,Dimethyl_formamide,1
1026,L,Dipropyl_amine,6
1027,L,Diethyl_amine,6
1028,L,Morpholine,1
1029,L,Cyclohexylamine,3
1030,L,Pyridine,1
1031,L,Carbon_terachloride,6
1032,L,Chloroform,3
1033,L,Ethylen_chloride,5
1034,L,Methylene_chloride,5
1035,L,1_1_1-Trichloroethane,6
1036,L,1-Chlorobutane,6
1037,L,Trichloroethylene,6
1038,L,2_2-Dichloro_diethyl_ether,5
1039,L,Chlorobenzene,6
1040,L,o-Dichlorobenzene,6
1041,L,alpha-bromonaphtaline,6
1042,L,Cyclohexylchloride,6
1043,L,Benzene,6
1044,L,Toluene,6
1045,L,Xylene,6
1046,L,Ethyl_benzene,6
1047,L,Styrene,6
1048,L,Tetralin,6
1049,L,Hexane,6
1050,L,Cyclohexane,6
1051,L,Acetic_acid,3
1052,L,Formic_acid_90,1
1053,L,Butyric_acid,6
1054,L,Benzaldehyde,4
1055,L,Acetic_anhydride,1
1056,M,Methanol ,2
1057,M,Ethanol_96,1
1058,M,Ethanol_99p9,1
1059,M,n-Propanol,1
1060,M,n-Butanol,1
1061,M,Pentanol-1,1
1062,M,2-Ethyl_butanol,1
1063,M,2-Ethyl_hexanol,1
1064,M,Methyl_isobutyl_carbinol,1
1065,M,Propylene_glycol,6
1066,M,Ethylene_glycol,6
1067,M,1_3-Butandiol,6
1068,M,Glycerol,6
1069,M,Cyclohexanol,1
1070,M,m-Cresol,1
1071,M,Ethyl_lactate,1
1072,M,n-Butyl_lactate,1
1073,M,Diethylene_glycol,4
1074,M,Dipropylene_glycol,1
1075,M,2-Butoxyethanol,1
1076,M,Methyl_dioxitol,1
1077,M,Butyl_dioxitol,1
1078,M,Oxitole,1
1079,M,Diacetone_alcohol,1
1080,M,Cellusolve_acetate,1
1081,M,Methyl_Cellusolve,1
1082,M,Diethyl_ether,1
1083,M,Furan,1
1084,M,Dioxane,1
1085,M,Methylal,1
1086,M,Diethyl_sulfide,1
1087,M,Carbon_disulfide,1
1088,M,Dimethyl_sulphoxide,1
1089,M,Propylene_carbonate,1
1090,M,gamma_Butyrolactone,1
1091,M,Acetone,1
1092,M,Methyl_ethyl_ketone,1
1093,M,Methyl_isobutyl_ketone,1
1094,M,Methyl_isoamyl_ketone,1
1095,M,Diisobutyl_ketone,1
1096,M,Isophorone,1
1097,M,Acetophenone,1
1098,M,Cyclohexanone,1
1099,M,Tetrahydrofuran,1
1100,M,Mesityl_oxide,1
1101,M,Ethyl_acetate,1
1102,M,n-Butyl_acetate,1
1103,M,Isoamyl_acetate,1
1104,M,Isobutyl_isobutyrate,1
1105,M,Acetonitrile,1
1106,M,Butyronitrite,1
1107,M,Nitromethane,2
1108,M,Nitroethane,1
1109,M,2-Nitropropane,1
1110,M,Aniline,1
1111,M,Nitrobenzene,1
1112,M,Ethanolamine,1
1113,M,Dimethyl_formamide,1
1114,M,Dipropyl_amine,1
1115,M,Diethyl_amine,1
1116,M,Morpholine,1
1117,M,Cyclohexylamine,1
1118,M,Pyridine,1
1119,M,Carbon_terachloride,1
1120,M,Chloroform,1
1121,M,Ethylen_chloride,1
1122,M,Methylene_chloride,1
1123,M,1_1_1-Trichloroethane,1
1124,M,1-Chlorobutane,1
1125,M,Trichloroethylene,1
1126,M,2_2-Dichloro_diethyl_ether,1
1127,M,Chlorobenzene,1
1128,M,o-Dichlorobenzene,1
1129,M,alpha-bromonaphtaline,1
1130,M,Cyclohexylchloride,1
1131,M,Benzene,1
1132,M,Toluene,1
1133,M,Xylene,1
1134,M,Ethyl_benzene,1
1135,M,Styrene,1
1136,M,Tetralin,1
1137,M,Hexane,1
1138,M,Cyclohexane,1
1139,M,Acetic_acid,1
1140,M,Formic_acid_90,5
1141,M,Butyric_acid,1
1142,M,Benzaldehyde,1
1143,M,Acetic_anhydride,1
1144,N,Methanol ,1
1145,N,Ethanol_96,1
1146,N,Ethanol_99p9,1
1147,N,n-Propanol,1
1148,N,n-Butanol,1
1149,N,Pentanol-1,1
1150,N,2-Ethyl_butanol,6
1151,N,2-Ethyl_hexanol,6
1152,N,Methyl_isobutyl_carbinol,6
1153,N,Propylene_glycol,1
1154,N,Ethylene_glycol,1
1155,N,1_3-Butandiol,1
1156,N,Glycerol,6
1157,N,Cyclohexanol,1
1158,N,m-Cresol,1
1159,N,Ethyl_lactate,1
1160,N,n-Butyl_lactate,1
1161,N,Diethylene_glycol,1
1162,N,Dipropylene_glycol,1
1163,N,2-Butoxyethanol,1
1164,N,Methyl_dioxitol,1
1165,N,Butyl_dioxitol,1
1166,N,Oxitole,1
1167,N,Diacetone_alcohol,1
1168,N,Cellusolve_acetate,1
1169,N,Methyl_Cellusolve,1
1170,N,Diethyl_ether,5
1171,N,Furan,6
1172,N,Dioxane,1
1173,N,Methylal,3
1174,N,Diethyl_sulfide,6
1175,N,Carbon_disulfide,6
1176,N,Dimethyl_sulphoxide,1
1177,N,Propylene_carbonate,1
1178,N,gamma_Butyrolactone,1
1179,N,Acetone,1
1180,N,Methyl_ethyl_ketone,1
1181,N,Methyl_isobutyl_ketone,1
1182,N,Methyl_isoamyl_ketone,1
1183,N,Diisobutyl_ketone,6
1184,N,Isophorone,1
1185,N,Acetophenone,1
1186,N,Cyclohexanone,1
1187,N,Tetrahydrofuran,1
1188,N,Mesityl_oxide,1
1189,N,Ethyl_acetate,1
1190,N,n-Butyl_acetate,6
1191,N,Isoamyl_acetate,6
1192,N,Isobutyl_isobutyrate,6
1193,N,Acetonitrile,5
1194,N,Butyronitrite,3
1195,N,Nitromethane,6
1196,N,Nitroethane,6
1197,N,2-Nitropropane,6
1198,N,Aniline,1
1199,N,Nitrobenzene,5
1200,N,Ethanolamine,1
1201,N,Dimethyl_formamide,1
1202,N,Dipropyl_amine,1
1203,N,Diethyl_amine,1
1204,N,Morpholine,1
1205,N,Cyclohexylamine,1
1206,N,Pyridine,1
1207,N,Carbon_terachloride,6
1208,N,Chloroform,6
1209,N,Ethylen_chloride,6
1210,N,Methylene_chloride,6
1211,N,1_1_1-Trichloroethane,6
1212,N,1-Chlorobutane,6
1213,N,Trichloroethylene,6
1214,N,2_2-Dichloro_diethyl_ether,6
1215,N,Chlorobenzene,6
1216,N,o-Dichlorobenzene,6
1217,N,alpha-bromonaphtaline,6
1218,N,Cyclohexylchloride,6
1219,N,Benzene,6
1220,N,Toluene,6
1221,N,Xylene,6
1222,N,Ethyl_benzene,6
1223,N,Styrene,6
1224,N,Tetralin,6
1225,N,Hexane,6
1226,N,Cyclohexane,6
1227,N,Acetic_acid,4
1228,N,Formic_acid_90,1
1229,N,Butyric_acid,6
1230,N,Benzaldehyde,1
1231,N,Acetic_anhydride,1
1232,O,Methanol ,4
1233,O,Ethanol_96,5
1234,O,Ethanol_99p9,5
1235,O,n-Propanol,2
1236,O,n-Butanol,1
1237,O,Pentanol-1,1
1238,O,2-Ethyl_butanol,1
1239,O,2-Ethyl_hexanol,1
1240,O,Methyl_isobutyl_carbinol,1
1241,O,Propylene_glycol,6
1242,O,Ethylene_glycol,6
1243,O,1_3-Butandiol,6
1244,O,Glycerol,6
1245,O,Cyclohexanol,1
1246,O,m-Cresol,1
1247,O,Ethyl_lactate,1
1248,O,n-Butyl_lactate,1
1249,O,Diethylene_glycol,6
1250,O,Dipropylene_glycol,5
1251,O,2-Butoxyethanol,1
1252,O,Methyl_dioxitol,1
1253,O,Butyl_dioxitol,1
1254,O,Oxitole,1
1255,O,Diacetone_alcohol,1
1256,O,Cellusolve_acetate,1
1257,O,Methyl_Cellusolve,2
1258,O,Diethyl_ether,1
1259,O,Furan,1
1260,O,Dioxane,1
1261,O,Methylal,1
1262,O,Diethyl_sulfide,1
1263,O,Carbon_disulfide,1
1264,O,Dimethyl_sulphoxide,4
1265,O,Propylene_carbonate,6
1266,O,gamma_Butyrolactone,5
1267,O,Acetone,3
1268,O,Methyl_ethyl_ketone,1
1269,O,Methyl_isobutyl_ketone,1
1270,O,Methyl_isoamyl_ketone,1
1271,O,Diisobutyl_ketone,1
1272,O,Isophorone,1
1273,O,Acetophenone,1
1274,O,Cyclohexanone,1
1275,O,Tetrahydrofuran,1
1276,O,Mesityl_oxide,1
1277,O,Ethyl_acetate,1
1278,O,n-Butyl_acetate,1
1279,O,Isoamyl_acetate,1
1280,O,Isobutyl_isobutyrate,1
1281,O,Acetonitrile,5
1282,O,Butyronitrite,3
1283,O,Nitromethane,6
1284,O,Nitroethane,3
1285,O,2-Nitropropane,4
1286,O,Aniline,1
1287,O,Nitrobenzene,1
1288,O,Ethanolamine,5
1289,O,Dimethyl_formamide,1
1290,O,Dipropyl_amine,1
1291,O,Diethyl_amine,1
1292,O,Morpholine,1
1293,O,Cyclohexylamine,1
1294,O,Pyridine,1
1295,O,Carbon_terachloride,1
1296,O,Chloroform,1
1297,O,Ethylen_chloride,1
1298,O,Methylene_chloride,1
1299,O,1_1_1-Trichloroethane,1
1300,O,1-Chlorobutane,1
1301,O,Trichloroethylene,1
1302,O,2_2-Dichloro_diethyl_ether,1
1303,O,Chlorobenzene,1
1304,O,o-Dichlorobenzene,1
1305,O,alpha-bromonaphtaline,1
1306,O,Cyclohexylchloride,1
1307,O,Benzene,1
1308,O,Toluene,1
1309,O,Xylene,1
1310,O,Ethyl_benzene,1
1311,O,Styrene,1
1312,O,Tetralin,1
1313,O,Hexane,5
1314,O,Cyclohexane,1
1315,O,Acetic_acid,4
1316,O,Formic_acid_90,5
1317,O,Butyric_acid,1
1318,O,Benzaldehyde,1
1319,O,Acetic_anhydride,5
1320,P,Methanol ,1
1321,P,Ethanol_96,1
1322,P,Ethanol_99p9,1
1323,P,n-Propanol,1
1324,P,n-Butanol,1
1325,P,Pentanol-1,1
1326,P,2-Ethyl_butanol,1
1327,P,2-Ethyl_hexanol,1
1328,P,Methyl_isobutyl_carbinol,1
1329,P,Propylene_glycol,4
1330,P,Ethylene_glycol,6
1331,P,1_3-Butandiol,1
1332,P,Glycerol,6
1333,P,Cyclohexanol,1
1334,P,m-Cresol,1
1335,P,Ethyl_lactate,1
1336,P,n-Butyl_lactate,1
1337,P,Diethylene_glycol,1
1338,P,Dipropylene_glycol,1
1339,P,2-Butoxyethanol,1
1340,P,Methyl_dioxitol,1
1341,P,Butyl_dioxitol,1
1342,P,Oxitole,1
1343,P,Diacetone_alcohol,1
1344,P,Cellusolve_acetate,1
1345,P,Methyl_Cellusolve,1
1346,P,Diethyl_ether,3
1347,P,Furan,5
1348,P,Dioxane,1
1349,P,Methylal,1
1350,P,Diethyl_sulfide,5
1351,P,Carbon_disulfide,5
1352,P,Dimethyl_sulphoxide,1
1353,P,Propylene_carbonate,6
1354,P,gamma_Butyrolactone,1
1355,P,Acetone,1
1356,P,Methyl_ethyl_ketone,1
1357,P,Methyl_isobutyl_ketone,1
1358,P,Methyl_isoamyl_ketone,1
1359,P,Diisobutyl_ketone,2
1360,P,Isophorone,1
1361,P,Acetophenone,1
1362,P,Cyclohexanone,1
1363,P,Tetrahydrofuran,1
1364,P,Mesityl_oxide,1
1365,P,Ethyl_acetate,1
1366,P,n-Butyl_acetate,1
1367,P,Isoamyl_acetate,5
1368,P,Isobutyl_isobutyrate,6
1369,P,Acetonitrile,6
1370,P,Butyronitrite,4
1371,P,Nitromethane,6
1372,P,Nitroethane,6
1373,P,2-Nitropropane,6
1374,P,Aniline,1
1375,P,Nitrobenzene,3
1376,P,Ethanolamine,1
1377,P,Dimethyl_formamide,1
1378,P,Dipropyl_amine,5
1379,P,Diethyl_amine,5
1380,P,Morpholine,1
1381,P,Cyclohexylamine,5
1382,P,Pyridine,1
1383,P,Carbon_terachloride,5
1384,P,Chloroform,3
1385,P,Ethylen_chloride,4
1386,P,Methylene_chloride,5
1387,P,1_1_1-Trichloroethane,3
1388,P,1-Chlorobutane,3
1389,P,Trichloroethylene,4
1390,P,2_2-Dichloro_diethyl_ether,6
1391,P,Chlorobenzene,5
1392,P,o-Dichlorobenzene,4
1393,P,alpha-bromonaphtaline,6
1394,P,Cyclohexylchloride,6
1395,P,Benzene,6
1396,P,Toluene,6
1397,P,Xylene,6
1398,P,Ethyl_benzene,6
1399,P,Styrene,4
1400,P,Tetralin,4
1401,P,Hexane,5
1402,P,Cyclohexane,5
1403,P,Acetic_acid,1
1404,P,Formic_acid_90,6
1405,P,Butyric_acid,1
1406,P,Benzaldehyde,1
1407,P,Acetic_anhydride,1
1408,Q,Methanol ,5
1409,Q,Ethanol_96,5
1410,Q,Ethanol_99p9,5
1411,Q,n-Propanol,6
1412,Q,n-Butanol,6
1413,Q,Pentanol-1,6
1414,Q,2-Ethyl_butanol,6
1415,Q,2-Ethyl_hexanol,6
1416,Q,Methyl_isobutyl_carbinol,6
1417,Q,Propylene_glycol,6
1418,Q,Ethylene_glycol,6
1419,Q,1_3-Butandiol,4
1420,Q,Glycerol,6
1421,Q,Cyclohexanol,5
1422,Q,m-Cresol,1
1423,Q,Ethyl_lactate,1
1424,Q,n-Butyl_lactate,3
1425,Q,Diethylene_glycol,1
1426,Q,Dipropylene_glycol,1
1427,Q,2-Butoxyethanol,1
1428,Q,Methyl_dioxitol,1
1429,Q,Butyl_dioxitol,1
1430,Q,Oxitole,1
1431,Q,Diacetone_alcohol,1
1432,Q,Cellusolve_acetate,1
1433,Q,Methyl_Cellusolve,1
1434,Q,Diethyl_ether,6
1435,Q,Furan,5
1436,Q,Dioxane,1
1437,Q,Methylal,5
1438,Q,Diethyl_sulfide,6
1439,Q,Carbon_disulfide,4
1440,Q,Dimethyl_sulphoxide,1
1441,Q,Propylene_carbonate,1
1442,Q,gamma_Butyrolactone,1
1443,Q,Acetone,1
1444,Q,Methyl_ethyl_ketone,1
1445,Q,Methyl_isobutyl_ketone,4
1446,Q,Methyl_isoamyl_ketone,6
1447,Q,Diisobutyl_ketone,6
1448,Q,Isophorone,1
1449,Q,Acetophenone,1
1450,Q,Cyclohexanone,1
1451,Q,Tetrahydrofuran,1
1452,Q,Mesityl_oxide,1
1453,Q,Ethyl_acetate,1
1454,Q,n-Butyl_acetate,6
1455,Q,Isoamyl_acetate,6
1456,Q,Isobutyl_isobutyrate,6
1457,Q,Acetonitrile,5
1458,Q,Butyronitrite,5
1459,Q,Nitromethane,5
1460,Q,Nitroethane,5
1461,Q,2-Nitropropane,4
1462,Q,Aniline,1
1463,Q,Nitrobenzene,2
1464,Q,Ethanolamine,5
1465,Q,Dimethyl_formamide,1
1466,Q,Dipropyl_amine,5
1467,Q,Diethyl_amine,5
1468,Q,Morpholine,1
1469,Q,Cyclohexylamine,6
1470,Q,Pyridine,1
1471,Q,Carbon_terachloride,6
1472,Q,Chloroform,3
1473,Q,Ethylen_chloride,5
1474,Q,Methylene_chloride,3
1475,Q,1_1_1-Trichloroethane,6
1476,Q,1-Chlorobutane,6
1477,Q,Trichloroethylene,5
1478,Q,2_2-Dichloro_diethyl_ether,5
1479,Q,Chlorobenzene,6
1480,Q,o-Dichlorobenzene,6
1481,Q,alpha-bromonaphtaline,6
1482,Q,Cyclohexylchloride,6
1483,Q,Benzene,6
1484,Q,Toluene,6
1485,Q,Xylene,6
1486,Q,Ethyl_benzene,6
1487,Q,Styrene,6
1488,Q,Tetralin,6
1489,Q,Hexane,6
1490,Q,Cyclohexane,6
1491,Q,Acetic_acid,4
1492,Q,Formic_acid_90,2
1493,Q,Butyric_acid,6
1494,Q,Benzaldehyde,1
1495,Q,Acetic_anhydride,4
1496,R,Methanol ,4
1497,R,Ethanol_96,5
1498,R,Ethanol_99p9,4
1499,R,n-Propanol,4
1500,R,n-Butanol,4
1501,R,Pentanol-1,5
1502,R,2-Ethyl_butanol,3
1503,R,2-Ethyl_hexanol,4
1504,R,Methyl_isobutyl_carbinol,4
1505,R,Propylene_glycol,5
1506,R,Ethylene_glycol,5
1507,R,1_3-Butandiol,6
1508,R,Glycerol,4
1509,R,Cyclohexanol,2
1510,R,m-Cresol,1
1511,R,Ethyl_lactate,1
1512,R,n-Butyl_lactate,1
1513,R,Diethylene_glycol,5
1514,R,Dipropylene_glycol,5
1515,R,2-Butoxyethanol,1
1516,R,Methyl_dioxitol,1
1517,R,Butyl_dioxitol,1
1518,R,Oxitole,1
1519,R,Diacetone_alcohol,1
1520,R,Cellusolve_acetate,1
1521,R,Methyl_Cellusolve,1
1522,R,Diethyl_ether,5
1523,R,Furan,1
1524,R,Dioxane,1
1525,R,Methylal,1
1526,R,Diethyl_sulfide,1
1527,R,Carbon_disulfide,3
1528,R,Dimethyl_sulphoxide,1
1529,R,Propylene_carbonate,1
1530,R,gamma_Butyrolactone,1
1531,R,Acetone,1
1532,R,Methyl_ethyl_ketone,1
1533,R,Methyl_isobutyl_ketone,1
1534,R,Methyl_isoamyl_ketone,1
1535,R,Diisobutyl_ketone,1
1536,R,Isophorone,1
1537,R,Acetophenone,1
1538,R,Cyclohexanone,1
1539,R,Tetrahydrofuran,1
1540,R,Mesityl_oxide,1
1541,R,Ethyl_acetate,1
1542,R,n-Butyl_acetate,1
1543,R,Isoamyl_acetate,1
1544,R,Isobutyl_isobutyrate,1
1545,R,Acetonitrile,2
1546,R,Butyronitrite,1
1547,R,Nitromethane,2
1548,R,Nitroethane,1
1549,R,2-Nitropropane,1
1550,R,Aniline,1
1551,R,Nitrobenzene,1
1552,R,Ethanolamine,6
1553,R,Dimethyl_formamide,1
1554,R,Dipropyl_amine,1
1555,R,Diethyl_amine,1
1556,R,Morpholine,1
1557,R,Cyclohexylamine,1
1558,R,Pyridine,1
1559,R,Carbon_terachloride,1
1560,R,Chloroform,1
1561,R,Ethylen_chloride,1
1562,R,Methylene_chloride,1
1563,R,1_1_1-Trichloroethane,1
1564,R,1-Chlorobutane,1
1565,R,Trichloroethylene,1
1566,R,2_2-Dichloro_diethyl_ether,1
1567,R,Chlorobenzene,1
1568,R,o-Dichlorobenzene,1
1569,R,alpha-bromonaphtaline,1
1570,R,Cyclohexylchloride,1
1571,R,Benzene,1
1572,R,Toluene,1
1573,R,Xylene,1
1574,R,Ethyl_benzene,1
1575,R,Styrene,1
1576,R,Tetralin,1
1577,R,Hexane,5
1578,R,Cyclohexane,5
1579,R,Acetic_acid,1
1580,R,Formic_acid_90,5
1581,R,Butyric_acid,1
1582,R,Benzaldehyde,1
1583,R,Acetic_anhydride,1
1584,S,Methanol ,1
1585,S,Ethanol_96,1
1586,S,Ethanol_99p9,1
1587,S,n-Propanol,2
1588,S,n-Butanol,3
1589,S,Pentanol-1,6
1590,S,2-Ethyl_butanol,3
1591,S,2-Ethyl_hexanol,4
1592,S,Methyl_isobutyl_carbinol,4
1593,S,Propylene_glycol,1
1594,S,Ethylene_glycol,2
1595,S,1_3-Butandiol,1
1596,S,Glycerol,3
1597,S,Cyclohexanol,1
1598,S,m-Cresol,1
1599,S,Ethyl_lactate,1
1600,S,n-Butyl_lactate,1
1601,S,Diethylene_glycol,1
1602,S,Dipropylene_glycol,1
1603,S,2-Butoxyethanol,1
1604,S,Methyl_dioxitol,1
1605,S,Butyl_dioxitol,1
1606,S,Oxitole,1
1607,S,Diacetone_alcohol,1
1608,S,Cellusolve_acetate,1
1609,S,Methyl_Cellusolve,1
1610,S,Diethyl_ether,3
1611,S,Furan,1
1612,S,Dioxane,1
1613,S,Methylal,1
1614,S,Diethyl_sulfide,4
1615,S,Carbon_disulfide,3
1616,S,Dimethyl_sulphoxide,1
1617,S,Propylene_carbonate,1
1618,S,gamma_Butyrolactone,1
1619,S,Acetone,1
1620,S,Methyl_ethyl_ketone,1
1621,S,Methyl_isobutyl_ketone,1
1622,S,Methyl_isoamyl_ketone,1
1623,S,Diisobutyl_ketone,1
1624,S,Isophorone,1
1625,S,Acetophenone,1
1626,S,Cyclohexanone,1
1627,S,Tetrahydrofuran,1
1628,S,Mesityl_oxide,1
1629,S,Ethyl_acetate,1
1630,S,n-Butyl_acetate,1
1631,S,Isoamyl_acetate,1
1632,S,Isobutyl_isobutyrate,3
1633,S,Acetonitrile,1
1634,S,Butyronitrite,1
1635,S,Nitromethane,1
1636,S,Nitroethane,1
1637,S,2-Nitropropane,1
1638,S,Aniline,1
1639,S,Nitrobenzene,1
1640,S,Ethanolamine,1
1641,S,Dimethyl_formamide,1
1642,S,Dipropyl_amine,2
1643,S,Diethyl_amine,1
1644,S,Morpholine,1
1645,S,Cyclohexylamine,3
1646,S,Pyridine,1
1647,S,Carbon_terachloride,5
1648,S,Chloroform,1
1649,S,Ethylen_chloride,1
1650,S,Methylene_chloride,1
1651,S,1_1_1-Trichloroethane,3
1652,S,1-Chlorobutane,3
1653,S,Trichloroethylene,1
1654,S,2_2-Dichloro_diethyl_ether,1
1655,S,Chlorobenzene,1
1656,S,o-Dichlorobenzene,1
1657,S,alpha-bromonaphtaline,4
1658,S,Cyclohexylchloride,4
1659,S,Benzene,2
1660,S,Toluene,3
1661,S,Xylene,3
1662,S,Ethyl_benzene,3
1663,S,Styrene,1
1664,S,Tetralin,2
1665,S,Hexane,6
1666,S,Cyclohexane,5
1667,S,Acetic_acid,1
1668,S,Formic_acid_90,1
1669,S,Butyric_acid,1
1670,S,Benzaldehyde,1
1671,S,Acetic_anhydride,1
1672,T,Methanol ,6
1673,T,Ethanol_96,6
1674,T,Ethanol_99p9,6
1675,T,n-Propanol,6
1676,T,n-Butanol,6
1677,T,Pentanol-1,6
1678,T,2-Ethyl_butanol,6
1679,T,2-Ethyl_hexanol,6
1680,T,Methyl_isobutyl_carbinol,6
1681,T,Propylene_glycol,6
1682,T,Ethylene_glycol,6
1683,T,1_3-Butandiol,5
1684,T,Glycerol,6
1685,T,Cyclohexanol,5
1686,T,m-Cresol,5
1687,T,Ethyl_lactate,6
1688,T,n-Butyl_lactate,6
1689,T,Diethylene_glycol,6
1690,T,Dipropylene_glycol,6
1691,T,2-Butoxyethanol,6
1692,T,Methyl_dioxitol,6
1693,T,Butyl_dioxitol,6
1694,T,Oxitole,6
1695,T,Diacetone_alcohol,6
1696,T,Cellusolve_acetate,5
1697,T,Methyl_Cellusolve,6
1698,T,Diethyl_ether,1
1699,T,Furan,1
1700,T,Dioxane,1
1701,T,Methylal,5
1702,T,Diethyl_sulfide,1
1703,T,Carbon_disulfide,1
1704,T,Dimethyl_sulphoxide,6
1705,T,Propylene_carbonate,6
1706,T,gamma_Butyrolactone,6
1707,T,Acetone,6
1708,T,Methyl_ethyl_ketone,4
1709,T,Methyl_isobutyl_ketone,1
1710,T,Methyl_isoamyl_ketone,1
1711,T,Diisobutyl_ketone,1
1712,T,Isophorone,1
1713,T,Acetophenone,1
1714,T,Cyclohexanone,1
1715,T,Tetrahydrofuran,1
1716,T,Mesityl_oxide,1
1717,T,Ethyl_acetate,3
1718,T,n-Butyl_acetate,1
1719,T,Isoamyl_acetate,1
1720,T,Isobutyl_isobutyrate,1
1721,T,Acetonitrile,6
1722,T,Butyronitrite,6
1723,T,Nitromethane,6
1724,T,Nitroethane,6
1725,T,2-Nitropropane,6
1726,T,Aniline,6
1727,T,Nitrobenzene,1
1728,T,Ethanolamine,6
1729,T,Dimethyl_formamide,6
1730,T,Dipropyl_amine,1
1731,T,Diethyl_amine,1
1732,T,Morpholine,4
1733,T,Cyclohexylamine,1
1734,T,Pyridine,1
1735,T,Carbon_terachloride,1
1736,T,Chloroform,1
1737,T,Ethylen_chloride,1
1738,T,Methylene_chloride,1
1739,T,1_1_1-Trichloroethane,1
1740,T,1-Chlorobutane,1
1741,T,Trichloroethylene,1
1742,T,2_2-Dichloro_diethyl_ether,5
1743,T,Chlorobenzene,1
1744,T,o-Dichlorobenzene,1
1745,T,alpha-bromonaphtaline,1
1746,T,Cyclohexylchloride,1
1747,T,Benzene,1
1748,T,Toluene,1
1749,T,Xylene,1
1750,T,Ethyl_benzene,1
1751,T,Styrene,1
1752,T,Tetralin,1
1753,T,Hexane,3
1754,T,Cyclohexane,1
1755,T,Acetic_acid,6
1756,T,Formic_acid_90,6
1757,T,Butyric_acid,4
1758,T,Benzaldehyde,2
1759,T,Acetic_anhydride,6
1760,U,Methanol ,5
1761,U,Ethanol_96,6
1762,U,Ethanol_99p9,6
1763,U,n-Propanol,6
1764,U,n-Butanol,6
1765,U,Pentanol-1,6
1766,U,2-Ethyl_butanol,6
1767,U,2-Ethyl_hexanol,6
1768,U,Methyl_isobutyl_carbinol,5
1769,U,Propylene_glycol,6
1770,U,Ethylene_glycol,4
1771,U,1_3-Butandiol,5
1772,U,Glycerol,6
1773,U,Cyclohexanol,5
1774,U,m-Cresol,1
1775,U,Ethyl_lactate,4
1776,U,n-Butyl_lactate,1
1777,U,Diethylene_glycol,6
1778,U,Dipropylene_glycol,6
1779,U,2-Butoxyethanol,4
1780,U,Methyl_dioxitol,3
1781,U,Butyl_dioxitol,4
1782,U,Oxitole,4
1783,U,Diacetone_alcohol,1
1784,U,Cellusolve_acetate,1
1785,U,Methyl_Cellusolve,5
1786,U,Diethyl_ether,6
1787,U,Furan,1
1788,U,Dioxane,1
1789,U,Methylal,1
1790,U,Diethyl_sulfide,1
1791,U,Carbon_disulfide,4
1792,U,Dimethyl_sulphoxide,5
1793,U,Propylene_carbonate,4
1794,U,gamma_Butyrolactone,1
1795,U,Acetone,1
1796,U,Methyl_ethyl_ketone,1
1797,U,Methyl_isobutyl_ketone,1
1798,U,Methyl_isoamyl_ketone,1
1799,U,Diisobutyl_ketone,1
1800,U,Isophorone,1
1801,U,Acetophenone,1
1802,U,Cyclohexanone,1
1803,U,Tetrahydrofuran,1
1804,U,Mesityl_oxide,1
1805,U,Ethyl_acetate,1
1806,U,n-Butyl_acetate,1
1807,U,Isoamyl_acetate,1
1808,U,Isobutyl_isobutyrate,1
1809,U,Acetonitrile,5
1810,U,Butyronitrite,1
1811,U,Nitromethane,1
1812,U,Nitroethane,1
1813,U,2-Nitropropane,1
1814,U,Aniline,1
1815,U,Nitrobenzene,1
1816,U,Ethanolamine,6
1817,U,Dimethyl_formamide,1
1818,U,Dipropyl_amine,4
1819,U,Diethyl_amine,1
1820,U,Morpholine,1
1821,U,Cyclohexylamine,1
1822,U,Pyridine,1
1823,U,Carbon_terachloride,5
1824,U,Chloroform,1
1825,U,Ethylen_chloride,1
1826,U,Methylene_chloride,1
1827,U,1_1_1-Trichloroethane,1
1828,U,1-Chlorobutane,1
1829,U,Trichloroethylene,1
1830,U,2_2-Dichloro_diethyl_ether,1
1831,U,Chlorobenzene,1
1832,U,o-Dichlorobenzene,1
1833,U,alpha-bromonaphtaline,1
1834,U,Cyclohexylchloride,1
1835,U,Benzene,1
1836,U,Toluene,1
1837,U,Xylene,1
1838,U,Ethyl_benzene,1
1839,U,Styrene,1
1840,U,Tetralin,1
1841,U,Hexane,6
1842,U,Cyclohexane,6
1843,U,Acetic_acid,6
1844,U,Formic_acid_90,6
1845,U,Butyric_acid,5
1846,U,Benzaldehyde,1
1847,U,Acetic_anhydride,2
1848,V,Methanol ,6
1849,V,Ethanol_96,6
1850,V,Ethanol_99p9,6
1851,V,n-Propanol,6
1852,V,n-Butanol,6
1853,V,Pentanol-1,6
1854,V,2-Ethyl_butanol,6
1855,V,2-Ethyl_hexanol,5
1856,V,Methyl_isobutyl_carbinol,6
1857,V,Propylene_glycol,6
1858,V,Ethylene_glycol,6
1859,V,1_3-Butandiol,6
1860,V,Glycerol,5
1861,V,Cyclohexanol,5
1862,V,m-Cresol,5
1863,V,Ethyl_lactate,6
1864,V,n-Butyl_lactate,6
1865,V,Diethylene_glycol,6
1866,V,Dipropylene_glycol,6
1867,V,2-Butoxyethanol,6
1868,V,Methyl_dioxitol,6
1869,V,Butyl_dioxitol,5
1870,V,Oxitole,6
1871,V,Diacetone_alcohol,6
1872,V,Cellusolve_acetate,6
1873,V,Methyl_Cellusolve,6
1874,V,Diethyl_ether,1
1875,V,Furan,1
1876,V,Dioxane,4
1877,V,Methylal,4
1878,V,Diethyl_sulfide,1
1879,V,Carbon_disulfide,1
1880,V,Dimethyl_sulphoxide,6
1881,V,Propylene_carbonate,6
1882,V,gamma_Butyrolactone,6
1883,V,Acetone,6
1884,V,Methyl_ethyl_ketone,4
1885,V,Methyl_isobutyl_ketone,1
1886,V,Methyl_isoamyl_ketone,1
1887,V,Diisobutyl_ketone,1
1888,V,Isophorone,1
1889,V,Acetophenone,5
1890,V,Cyclohexanone,1
1891,V,Tetrahydrofuran,1
1892,V,Mesityl_oxide,1
1893,V,Ethyl_acetate,5
1894,V,n-Butyl_acetate,1
1895,V,Isoamyl_acetate,1
1896,V,Isobutyl_isobutyrate,1
1897,V,Acetonitrile,6
1898,V,Butyronitrite,5
1899,V,Nitromethane,6
1900,V,Nitroethane,6
1901,V,2-Nitropropane,6
1902,V,Aniline,6
1903,V,Nitrobenzene,1
1904,V,Ethanolamine,6
1905,V,Dimethyl_formamide,5
1906,V,Dipropyl_amine,1
1907,V,Diethyl_amine,1
1908,V,Morpholine,5
1909,V,Cyclohexylamine,1
1910,V,Pyridine,5
1911,V,Carbon_terachloride,1
1912,V,Chloroform,1
1913,V,Ethylen_chloride,1
1914,V,Methylene_chloride,1
1915,V,1_1_1-Trichloroethane,1
1916,V,1-Chlorobutane,1
1917,V,Trichloroethylene,1
1918,V,2_2-Dichloro_diethyl_ether,6
1919,V,Chlorobenzene,1
1920,V,o-Dichlorobenzene,1
1921,V,alpha-bromonaphtaline,1
1922,V,Cyclohexylchloride,1
1923,V,Benzene,1
1924,V,Toluene,1
1925,V,Xylene,1
1926,V,Ethyl_benzene,1
1927,V,Styrene,1
1928,V,Tetralin,1
1929,V,Hexane,1
1930,V,Cyclohexane,1
1931,V,Acetic_acid,6
1932,V,Formic_acid_90,6
1933,V,Butyric_acid,4
1934,V,Benzaldehyde,5
1935,V,Acetic_anhydride,6
1936,X,Methanol ,6
1937,X,Ethanol_96,6
1938,X,Ethanol_99p9,6
1939,X,n-Propanol,1
1940,X,n-Butanol,1
1941,X,Pentanol-1,1
1942,X,2-Ethyl_butanol,1
1943,X,2-Ethyl_hexanol,1
1944,X,Methyl_isobutyl_carbinol,1
1945,X,Propylene_glycol,6
1946,X,Ethylene_glycol,6
1947,X,1_3-Butandiol,6
1948,X,Glycerol,6
1949,X,Cyclohexanol,1
1950,X,m-Cresol,1
1951,X,Ethyl_lactate,6
1952,X,n-Butyl_lactate,5
1953,X,Diethylene_glycol,6
1954,X,Dipropylene_glycol,6
1955,X,2-Butoxyethanol,1
1956,X,Methyl_dioxitol,6
1957,X,Butyl_dioxitol,5
1958,X,Oxitole,6
1959,X,Diacetone_alcohol,6
1960,X,Cellusolve_acetate,6
1961,X,Methyl_Cellusolve,6
1962,X,Diethyl_ether,1
1963,X,Furan,1
1964,X,Dioxane,5
1965,X,Methylal,1
1966,X,Diethyl_sulfide,1
1967,X,Carbon_disulfide,1
1968,X,Dimethyl_sulphoxide,6
1969,X,Propylene_carbonate,6
1970,X,gamma_Butyrolactone,6
1971,X,Acetone,6
1972,X,Methyl_ethyl_ketone,1
1973,X,Methyl_isobutyl_ketone,1
1974,X,Methyl_isoamyl_ketone,1
1975,X,Diisobutyl_ketone,1
1976,X,Isophorone,1
1977,X,Acetophenone,5
1978,X,Cyclohexanone,1
1979,X,Tetrahydrofuran,1
1980,X,Mesityl_oxide,1
1981,X,Ethyl_acetate,1
1982,X,n-Butyl_acetate,1
1983,X,Isoamyl_acetate,1
1984,X,Isobutyl_isobutyrate,1
1985,X,Acetonitrile,6
1986,X,Butyronitrite,6
1987,X,Nitromethane,6
1988,X,Nitroethane,6
1989,X,2-Nitropropane,6
1990,X,Aniline,6
1991,X,Nitrobenzene,6
1992,X,Ethanolamine,6
1993,X,Dimethyl_formamide,5
1994,X,Dipropyl_amine,1
1995,X,Diethyl_amine,1
1996,X,Morpholine,4
1997,X,Cyclohexylamine,1
1998,X,Pyridine,4
1999,X,Carbon_terachloride,1
2000,X,Chloroform,1
2001,X,Ethylen_chloride,1
2002,X,Methylene_chloride,1
2003,X,1_1_1-Trichloroethane,1
2004,X,1-Chlorobutane,1
2005,X,Trichloroethylene,1
2006,X,2_2-Dichloro_diethyl_ether,6
2007,X,Chlorobenzene,1
2008,X,o-Dichlorobenzene,1
2009,X,alpha-bromonaphtaline,5
2010,X,Cyclohexylchloride,1
2011,X,Benzene,1
2012,X,Toluene,1
2013,X,Xylene,1
2014,X,Ethyl_benzene,1
2015,X,Styrene,1
2016,X,Tetralin,1
2017,X,Hexane,1
2018,X,Cyclohexane,1
2019,X,Acetic_acid,6
2020,X,Formic_acid_90,6
2021,X,Butyric_acid,1
2022,X,Benzaldehyde,5
2023,X,Acetic_anhydride,6
2024,Y,Methanol ,6
2025,Y,Ethanol_96,6
2026,Y,Ethanol_99p9,6
2027,Y,n-Propanol,5
2028,Y,n-Butanol,5
2029,Y,Pentanol-1,6
2030,Y,2-Ethyl_butanol,6
2031,Y,2-Ethyl_hexanol,5
2032,Y,Methyl_isobutyl_carbinol,6
2033,Y,Propylene_glycol,6
2034,Y,Ethylene_glycol,5
2035,Y,1_3-Butandiol,6
2036,Y,Glycerol,6
2037,Y,Cyclohexanol,5
2038,Y,m-Cresol,5
2039,Y,Ethyl_lactate,6
2040,Y,n-Butyl_lactate,6
2041,Y,Diethylene_glycol,6
2042,Y,Dipropylene_glycol,6
2043,Y,2-Butoxyethanol,6
2044,Y,Methyl_dioxitol,6
2045,Y,Butyl_dioxitol,6
2046,Y,Oxitole,6
2047,Y,Diacetone_alcohol,6
2048,Y,Cellusolve_acetate,6
2049,Y,Methyl_Cellusolve,6
2050,Y,Diethyl_ether,1
2051,Y,Furan,1
2052,Y,Dioxane,1
2053,Y,Methylal,3
2054,Y,Diethyl_sulfide,1
2055,Y,Carbon_disulfide,1
2056,Y,Dimethyl_sulphoxide,6
2057,Y,Propylene_carbonate,6
2058,Y,gamma_Butyrolactone,6
2059,Y,Acetone,6
2060,Y,Methyl_ethyl_ketone,4
2061,Y,Methyl_isobutyl_ketone,4
2062,Y,Methyl_isoamyl_ketone,1
2063,Y,Diisobutyl_ketone,1
2064,Y,Isophorone,1
2065,Y,Acetophenone,2
2066,Y,Cyclohexanone,1
2067,Y,Tetrahydrofuran,1
2068,Y,Mesityl_oxide,1
2069,Y,Ethyl_acetate,5
2070,Y,n-Butyl_acetate,1
2071,Y,Isoamyl_acetate,1
2072,Y,Isobutyl_isobutyrate,1
2073,Y,Acetonitrile,6
2074,Y,Butyronitrite,6
2075,Y,Nitromethane,6
2076,Y,Nitroethane,6
2077,Y,2-Nitropropane,5
2078,Y,Aniline,6
2079,Y,Nitrobenzene,1
2080,Y,Ethanolamine,5
2081,Y,Dimethyl_formamide,6
2082,Y,Dipropyl_amine,1
2083,Y,Diethyl_amine,1
2084,Y,Morpholine,5
2085,Y,Cyclohexylamine,1
2086,Y,Pyridine,1
2087,Y,Carbon_terachloride,1
2088,Y,Chloroform,1
2089,Y,Ethylen_chloride,1
2090,Y,Methylene_chloride,1
2091,Y,1_1_1-Trichloroethane,1
2092,Y,1-Chlorobutane,1
2093,Y,Trichloroethylene,1
2094,Y,2_2-Dichloro_diethyl_ether,5
2095,Y,Chlorobenzene,1
2096,Y,o-Dichlorobenzene,1
2097,Y,alpha-bromonaphtaline,1
2098,Y,Cyclohexylchloride,1
2099,Y,Benzene,1
2100,Y,Toluene,1
2101,Y,Xylene,1
2102,Y,Ethyl_benzene,1
2103,Y,Styrene,1
2104,Y,Tetralin,1
2105,Y,Hexane,1
2106,Y,Cyclohexane,1
2107,Y,Acetic_acid,6
2108,Y,Formic_acid_90,6
2109,Y,Butyric_acid,4
2110,Y,Benzaldehyde,4
2111,Y,Acetic_anhydride,6
2112,Z,Methanol ,5
2113,Z,Ethanol_96,5
2114,Z,Ethanol_99p9,6
2115,Z,n-Propanol,1
2116,Z,n-Butanol,1
2117,Z,Pentanol-1,1
2118,Z,2-Ethyl_butanol,1
2119,Z,2-Ethyl_hexanol,1
2120,Z,Methyl_isobutyl_carbinol,1
2121,Z,Propylene_glycol,6
2122,Z,Ethylene_glycol,6
2123,Z,1_3-Butandiol,6
2124,Z,Glycerol,6
2125,Z,Cyclohexanol,1
2126,Z,m-Cresol,1
2127,Z,Ethyl_lactate,6
2128,Z,n-Butyl_lactate,3
2129,Z,Diethylene_glycol,6
2130,Z,Dipropylene_glycol,6
2131,Z,2-Butoxyethanol,4
2132,Z,Methyl_dioxitol,6
2133,Z,Butyl_dioxitol,6
2134,Z,Oxitole,6
2135,Z,Diacetone_alcohol,6
2136,Z,Cellusolve_acetate,6
2137,Z,Methyl_Cellusolve,6
2138,Z,Diethyl_ether,6
2139,Z,Furan,6
2140,Z,Dioxane,6
2141,Z,Methylal,6
2142,Z,Diethyl_sulfide,6
2143,Z,Carbon_disulfide,4
2144,Z,Dimethyl_sulphoxide,6
2145,Z,Propylene_carbonate,6
2146,Z,gamma_Butyrolactone,6
2147,Z,Acetone,6
2148,Z,Methyl_ethyl_ketone,6
2149,Z,Methyl_isobutyl_ketone,6
2150,Z,Methyl_isoamyl_ketone,6
2151,Z,Diisobutyl_ketone,6
2152,Z,Isophorone,6
2153,Z,Acetophenone,6
2154,Z,Cyclohexanone,6
2155,Z,Tetrahydrofuran,1
2156,Z,Mesityl_oxide,6
2157,Z,Ethyl_acetate,6
2158,Z,n-Butyl_acetate,6
2159,Z,Isoamyl_acetate,6
2160,Z,Isobutyl_isobutyrate,6
2161,Z,Acetonitrile,6
2162,Z,Butyronitrite,6
2163,Z,Nitromethane,6
2164,Z,Nitroethane,6
2165,Z,2-Nitropropane,6
2166,Z,Aniline,5
2167,Z,Nitrobenzene,6
2168,Z,Ethanolamine,6
2169,Z,Dimethyl_formamide,6
2170,Z,Dipropyl_amine,6
2171,Z,Diethyl_amine,5
2172,Z,Morpholine,6
2173,Z,Cyclohexylamine,1
2174,Z,Pyridine,5
2175,Z,Carbon_terachloride,4
2176,Z,Chloroform,1
2177,Z,Ethylen_chloride,6
2178,Z,Methylene_chloride,2
2179,Z,1_1_1-Trichloroethane,6
2180,Z,1-Chlorobutane,5
2181,Z,Trichloroethylene,2
2182,Z,2_2-Dichloro_diethyl_ether,6
2183,Z,Chlorobenzene,5
2184,Z,o-Dichlorobenzene,6
2185,Z,alpha-bromonaphtaline,6
2186,Z,Cyclohexylchloride,6
2187,Z,Benzene,5
2188,Z,Toluene,6
2189,Z,Xylene,6
2190,Z,Ethyl_benzene,6
2191,Z,Styrene,6
2192,Z,Tetralin,5
2193,Z,Hexane,6
2194,Z,Cyclohexane,6
2195,Z,Acetic_acid,3
2196,Z,Formic_acid_90,3
2197,Z,Butyric_acid,1
2198,Z,Benzaldehyde,3
2199,Z,Acetic_anhydride,6
2200,AA,Methanol ,6
2201,AA,Ethanol_96,5
2202,AA,Ethanol_99p9,4
2203,AA,n-Propanol,5
2204,AA,n-Butanol,3
2205,AA,Pentanol-1,1
2206,AA,2-Ethyl_butanol,1
2207,AA,2-Ethyl_hexanol,1
2208,AA,Methyl_isobutyl_carbinol,1
2209,AA,Propylene_glycol,6
2210,AA,Ethylene_glycol,6
2211,AA,1_3-Butandiol,6
2212,AA,Glycerol,6
2213,AA,Cyclohexanol,1
2214,AA,m-Cresol,1
2215,AA,Ethyl_lactate,3
2216,AA,n-Butyl_lactate,1
2217,AA,Diethylene_glycol,6
2218,AA,Dipropylene_glycol,6
2219,AA,2-Butoxyethanol,1
2220,AA,Methyl_dioxitol,5
2221,AA,Butyl_dioxitol,1
2222,AA,Oxitole,1
2223,AA,Diacetone_alcohol,1
2224,AA,Cellusolve_acetate,1
2225,AA,Methyl_Cellusolve,4
2226,AA,Diethyl_ether,1
2227,AA,Furan,1
2228,AA,Dioxane,1
2229,AA,Methylal,1
2230,AA,Diethyl_sulfide,1
2231,AA,Carbon_disulfide,1
2232,AA,Dimethyl_sulphoxide,6
2233,AA,Propylene_carbonate,6
2234,AA,gamma_Butyrolactone,5
2235,AA,Acetone,1
2236,AA,Methyl_ethyl_ketone,1
2237,AA,Methyl_isobutyl_ketone,1
2238,AA,Methyl_isoamyl_ketone,1
2239,AA,Diisobutyl_ketone,1
2240,AA,Isophorone,1
2241,AA,Acetophenone,1
2242,AA,Cyclohexanone,1
2243,AA,Tetrahydrofuran,1
2244,AA,Mesityl_oxide,1
2245,AA,Ethyl_acetate,1
2246,AA,n-Butyl_acetate,1
2247,AA,Isoamyl_acetate,1
2248,AA,Isobutyl_isobutyrate,1
2249,AA,Acetonitrile,4
2250,AA,Butyronitrite,1
2251,AA,Nitromethane,4
2252,AA,Nitroethane,3
2253,AA,2-Nitropropane,1
2254,AA,Aniline,1
2255,AA,Nitrobenzene,1
2256,AA,Ethanolamine,6
2257,AA,Dimethyl_formamide,4
2258,AA,Dipropyl_amine,1
2259,AA,Diethyl_amine,1
2260,AA,Morpholine,1
2261,AA,Cyclohexylamine,1
2262,AA,Pyridine,1
2263,AA,Carbon_terachloride,1
2264,AA,Chloroform,1
2265,AA,Ethylen_chloride,1
2266,AA,Methylene_chloride,1
2267,AA,1_1_1-Trichloroethane,1
2268,AA,1-Chlorobutane,1
2269,AA,Trichloroethylene,1
2270,AA,2_2-Dichloro_diethyl_ether,1
2271,AA,Chlorobenzene,1
2272,AA,o-Dichlorobenzene,1
2273,AA,alpha-bromonaphtaline,1
2274,AA,Cyclohexylchloride,1
2275,AA,Benzene,1
2276,AA,Toluene,1
2277,AA,Xylene,1
2278,AA,Ethyl_benzene,1
2279,AA,Styrene,1
2280,AA,Tetralin,1
2281,AA,Hexane,4
2282,AA,Cyclohexane,2
2283,AA,Acetic_acid,4
2284,AA,Formic_acid_90,6
2285,AA,Butyric_acid,1
2286,AA,Benzaldehyde,1
2287,AA,Acetic_anhydride,5
2288,AB,Methanol ,1
2289,AB,Ethanol_96,1
2290,AB,Ethanol_99p9,1
2291,AB,n-Propanol,1
2292,AB,n-Butanol,1
2293,AB,Pentanol-1,1
2294,AB,2-Ethyl_butanol,1
2295,AB,2-Ethyl_hexanol,1
2296,AB,Methyl_isobutyl_carbinol,1
2297,AB,Propylene_glycol,1
2298,AB,Ethylene_glycol,6
2299,AB,1_3-Butandiol,1
2300,AB,Glycerol,6
2301,AB,Cyclohexanol,1
2302,AB,m-Cresol,1
2303,AB,Ethyl_lactate,1
2304,AB,n-Butyl_lactate,1
2305,AB,Diethylene_glycol,1
2306,AB,Dipropylene_glycol,1
2307,AB,2-Butoxyethanol,1
2308,AB,Methyl_dioxitol,1
2309,AB,Butyl_dioxitol,1
2310,AB,Oxitole,1
2311,AB,Diacetone_alcohol,1
2312,AB,Cellusolve_acetate,1
2313,AB,Methyl_Cellusolve,1
2314,AB,Diethyl_ether,1
2315,AB,Furan,1
2316,AB,Dioxane,1
2317,AB,Methylal,1
2318,AB,Diethyl_sulfide,1
2319,AB,Carbon_disulfide,1
2320,AB,Dimethyl_sulphoxide,1
2321,AB,Propylene_carbonate,1
2322,AB,gamma_Butyrolactone,1
2323,AB,Acetone,1
2324,AB,Methyl_ethyl_ketone,1
2325,AB,Methyl_isobutyl_ketone,1
2326,AB,Methyl_isoamyl_ketone,1
2327,AB,Diisobutyl_ketone,1
2328,AB,Isophorone,1
2329,AB,Acetophenone,1
2330,AB,Cyclohexanone,1
2331,AB,Tetrahydrofuran,1
2332,AB,Mesityl_oxide,1
2333,AB,Ethyl_acetate,1
2334,AB,n-Butyl_acetate,1
2335,AB,Isoamyl_acetate,1
2336,AB,Isobutyl_isobutyrate,1
2337,AB,Acetonitrile,1
2338,AB,Butyronitrite,1
2339,AB,Nitromethane,1
2340,AB,Nitroethane,1
2341,AB,2-Nitropropane,1
2342,AB,Aniline,1
2343,AB,Nitrobenzene,1
2344,AB,Ethanolamine,6
2345,AB,Dimethyl_formamide,1
2346,AB,Dipropyl_amine,1
2347,AB,Diethyl_amine,1
2348,AB,Morpholine,1
2349,AB,Cyclohexylamine,1
2350,AB,Pyridine,1
2351,AB,Carbon_terachloride,1
2352,AB,Chloroform,1
2353,AB,Ethylen_chloride,1
2354,AB,Methylene_chloride,1
2355,AB,1_1_1-Trichloroethane,1
2356,AB,1-Chlorobutane,1
2357,AB,Trichloroethylene,1
2358,AB,2_2-Dichloro_diethyl_ether,1
2359,AB,Chlorobenzene,1
2360,AB,o-Dichlorobenzene,1
2361,AB,alpha-bromonaphtaline,1
2362,AB,Cyclohexylchloride,1
2363,AB,Benzene,1
2364,AB,Toluene,1
2365,AB,Xylene,1
2366,AB,Ethyl_benzene,1
2367,AB,Styrene,1
2368,AB,Tetralin,1
2369,AB,Hexane,6
2370,AB,Cyclohexane,4
2371,AB,Acetic_acid,1
2372,AB,Formic_acid_90,1
2373,AB,Butyric_acid,1
2374,AB,Benzaldehyde,1
2375,AB,Acetic_anhydride,1
2376,AC,Methanol ,6
2377,AC,Ethanol_96,6
2378,AC,Ethanol_99p9,6
2379,AC,n-Propanol,6
2380,AC,n-Butanol,6
2381,AC,Pentanol-1,6
2382,AC,2-Ethyl_butanol,5
2383,AC,2-Ethyl_hexanol,1
2384,AC,Methyl_isobutyl_carbinol,5
2385,AC,Propylene_glycol,6
2386,AC,Ethylene_glycol,6
2387,AC,1_3-Butandiol,6
2388,AC,Glycerol,6
2389,AC,Cyclohexanol,5
2390,AC,m-Cresol,6
2391,AC,Ethyl_lactate,6
2392,AC,n-Butyl_lactate,6
2393,AC,Diethylene_glycol,6
2394,AC,Dipropylene_glycol,6
2395,AC,2-Butoxyethanol,6
2396,AC,Methyl_dioxitol,6
2397,AC,Butyl_dioxitol,6
2398,AC,Oxitole,6
2399,AC,Diacetone_alcohol,6
2400,AC,Cellusolve_acetate,6
2401,AC,Methyl_Cellusolve,6
2402,AC,Diethyl_ether,1
2403,AC,Furan,1
2404,AC,Dioxane,4
2405,AC,Methylal,5
2406,AC,Diethyl_sulfide,1
2407,AC,Carbon_disulfide,1
2408,AC,Dimethyl_sulphoxide,6
2409,AC,Propylene_carbonate,6
2410,AC,gamma_Butyrolactone,6
2411,AC,Acetone,6
2412,AC,Methyl_ethyl_ketone,5
2413,AC,Methyl_isobutyl_ketone,1
2414,AC,Methyl_isoamyl_ketone,1
2415,AC,Diisobutyl_ketone,1
2416,AC,Isophorone,1
2417,AC,Acetophenone,5
2418,AC,Cyclohexanone,1
2419,AC,Tetrahydrofuran,1
2420,AC,Mesityl_oxide,1
2421,AC,Ethyl_acetate,4
2422,AC,n-Butyl_acetate,1
2423,AC,Isoamyl_acetate,1
2424,AC,Isobutyl_isobutyrate,1
2425,AC,Acetonitrile,6
2426,AC,Butyronitrite,6
2427,AC,Nitromethane,6
2428,AC,Nitroethane,6
2429,AC,2-Nitropropane,6
2430,AC,Aniline,6
2431,AC,Nitrobenzene,5
2432,AC,Ethanolamine,6
2433,AC,Dimethyl_formamide,6
2434,AC,Dipropyl_amine,1
2435,AC,Diethyl_amine,1
2436,AC,Morpholine,6
2437,AC,Cyclohexylamine,1
2438,AC,Pyridine,5
2439,AC,Carbon_terachloride,1
2440,AC,Chloroform,1
2441,AC,Ethylen_chloride,1
2442,AC,Methylene_chloride,1
2443,AC,1_1_1-Trichloroethane,1
2444,AC,1-Chlorobutane,1
2445,AC,Trichloroethylene,1
2446,AC,2_2-Dichloro_diethyl_ether,4
2447,AC,Chlorobenzene,1
2448,AC,o-Dichlorobenzene,1
2449,AC,alpha-bromonaphtaline,1
2450,AC,Cyclohexylchloride,1
2451,AC,Benzene,1
2452,AC,Toluene,1
2453,AC,Xylene,1
2454,AC,Ethyl_benzene,1
2455,AC,Styrene,1
2456,AC,Tetralin,1
2457,AC,Hexane,1
2458,AC,Cyclohexane,1
2459,AC,Acetic_acid,6
2460,AC,Formic_acid_90,6
2461,AC,Butyric_acid,1
2462,AC,Benzaldehyde,5
2463,AC,Acetic_anhydride,5
2464,AD,Methanol ,5
2465,AD,Ethanol_96,5
2466,AD,Ethanol_99p9,5
2467,AD,n-Propanol,4
2468,AD,n-Butanol,4
2469,AD,Pentanol-1,4
2470,AD,2-Ethyl_butanol,4
2471,AD,2-Ethyl_hexanol,4
2472,AD,Methyl_isobutyl_carbinol,4
2473,AD,Propylene_glycol,5
2474,AD,Ethylene_glycol,6
2475,AD,1_3-Butandiol,6
2476,AD,Glycerol,6
2477,AD,Cyclohexanol,1
2478,AD,m-Cresol,1
2479,AD,Ethyl_lactate,1
2480,AD,n-Butyl_lactate,1
2481,AD,Diethylene_glycol,1
2482,AD,Dipropylene_glycol,1
2483,AD,2-Butoxyethanol,1
2484,AD,Methyl_dioxitol,1
2485,AD,Butyl_dioxitol,1
2486,AD,Oxitole,1
2487,AD,Diacetone_alcohol,1
2488,AD,Cellusolve_acetate,1
2489,AD,Methyl_Cellusolve,1
2490,AD,Diethyl_ether,4
2491,AD,Furan,4
2492,AD,Dioxane,1
2493,AD,Methylal,2
2494,AD,Diethyl_sulfide,4
2495,AD,Carbon_disulfide,6
2496,AD,Dimethyl_sulphoxide,1
2497,AD,Propylene_carbonate,1
2498,AD,gamma_Butyrolactone,1
2499,AD,Acetone,1
2500,AD,Methyl_ethyl_ketone,1
2501,AD,Methyl_isobutyl_ketone,4
2502,AD,Methyl_isoamyl_ketone,4
2503,AD,Diisobutyl_ketone,6
2504,AD,Isophorone,1
2505,AD,Acetophenone,1
2506,AD,Cyclohexanone,1
2507,AD,Tetrahydrofuran,1
2508,AD,Mesityl_oxide,1
2509,AD,Ethyl_acetate,1
2510,AD,n-Butyl_acetate,2
2511,AD,Isoamyl_acetate,4
2512,AD,Isobutyl_isobutyrate,5
2513,AD,Acetonitrile,4
2514,AD,Butyronitrite,2
2515,AD,Nitromethane,4
2516,AD,Nitroethane,3
2517,AD,2-Nitropropane,3
2518,AD,Aniline,1
2519,AD,Nitrobenzene,1
2520,AD,Ethanolamine,1
2521,AD,Dimethyl_formamide,1
2522,AD,Dipropyl_amine,3
2523,AD,Diethyl_amine,2
2524,AD,Morpholine,1
2525,AD,Cyclohexylamine,1
2526,AD,Pyridine,1
2527,AD,Carbon_terachloride,4
2528,AD,Chloroform,1
2529,AD,Ethylen_chloride,1
2530,AD,Methylene_chloride,1
2531,AD,1_1_1-Trichloroethane,4
2532,AD,1-Chlorobutane,3
2533,AD,Trichloroethylene,4
2534,AD,2_2-Dichloro_diethyl_ether,1
2535,AD,Chlorobenzene,3
2536,AD,o-Dichlorobenzene,3
2537,AD,alpha-bromonaphtaline,5
2538,AD,Cyclohexylchloride,3
2539,AD,Benzene,4
2540,AD,Toluene,5
2541,AD,Xylene,5
2542,AD,Ethyl_benzene,6
2543,AD,Styrene,4
2544,AD,Tetralin,5
2545,AD,Hexane,6
2546,AD,Cyclohexane,6
2547,AD,Acetic_acid,1
2548,AD,Formic_acid_90,6
2549,AD,Butyric_acid,3
2550,AD,Benzaldehyde,1
2551,AD,Acetic_anhydride,1
2552,AE,Methanol ,6
2553,AE,Ethanol_96,6
2554,AE,Ethanol_99p9,6
2555,AE,n-Propanol,6
2556,AE,n-Butanol,6
2557,AE,Pentanol-1,6
2558,AE,2-Ethyl_butanol,6
2559,AE,2-Ethyl_hexanol,5
2560,AE,Methyl_isobutyl_carbinol,6
2561,AE,Propylene_glycol,6
2562,AE,Ethylene_glycol,6
2563,AE,1_3-Butandiol,6
2564,AE,Glycerol,6
2565,AE,Cyclohexanol,6
2566,AE,m-Cresol,6
2567,AE,Ethyl_lactate,6
2568,AE,n-Butyl_lactate,6
2569,AE,Diethylene_glycol,6
2570,AE,Dipropylene_glycol,6
2571,AE,2-Butoxyethanol,6
2572,AE,Methyl_dioxitol,6
2573,AE,Butyl_dioxitol,6
2574,AE,Oxitole,6
2575,AE,Diacetone_alcohol,6
2576,AE,Cellusolve_acetate,6
2577,AE,Methyl_Cellusolve,6
2578,AE,Diethyl_ether,1
2579,AE,Furan,1
2580,AE,Dioxane,5
2581,AE,Methylal,3
2582,AE,Diethyl_sulfide,1
2583,AE,Carbon_disulfide,1
2584,AE,Dimethyl_sulphoxide,6
2585,AE,Propylene_carbonate,6
2586,AE,gamma_Butyrolactone,6
2587,AE,Acetone,6
2588,AE,Methyl_ethyl_ketone,5
2589,AE,Methyl_isobutyl_ketone,4
2590,AE,Methyl_isoamyl_ketone,2
2591,AE,Diisobutyl_ketone,1
2592,AE,Isophorone,5
2593,AE,Acetophenone,5
2594,AE,Cyclohexanone,1
2595,AE,Tetrahydrofuran,1
2596,AE,Mesityl_oxide,4
2597,AE,Ethyl_acetate,4
2598,AE,n-Butyl_acetate,1
2599,AE,Isoamyl_acetate,1
2600,AE,Isobutyl_isobutyrate,1
2601,AE,Acetonitrile,6
2602,AE,Butyronitrite,6
2603,AE,Nitromethane,6
2604,AE,Nitroethane,6
2605,AE,2-Nitropropane,6
2606,AE,Aniline,6
2607,AE,Nitrobenzene,6
2608,AE,Ethanolamine,6
2609,AE,Dimethyl_formamide,6
2610,AE,Dipropyl_amine,1
2611,AE,Diethyl_amine,1
2612,AE,Morpholine,6
2613,AE,Cyclohexylamine,1
2614,AE,Pyridine,5
2615,AE,Carbon_terachloride,1
2616,AE,Chloroform,1
2617,AE,Ethylen_chloride,2
2618,AE,Methylene_chloride,1
2619,AE,1_1_1-Trichloroethane,1
2620,AE,1-Chlorobutane,1
2621,AE,Trichloroethylene,1
2622,AE,2_2-Dichloro_diethyl_ether,6
2623,AE,Chlorobenzene,1
2624,AE,o-Dichlorobenzene,1
2625,AE,alpha-bromonaphtaline,1
2626,AE,Cyclohexylchloride,1
2627,AE,Benzene,1
2628,AE,Toluene,1
2629,AE,Xylene,1
2630,AE,Ethyl_benzene,1
2631,AE,Styrene,1
2632,AE,Tetralin,1
2633,AE,Hexane,2
2634,AE,Cyclohexane,1
2635,AE,Acetic_acid,6
2636,AE,Formic_acid_90,6
2637,AE,Butyric_acid,4
2638,AE,Benzaldehyde,4
2639,AE,Acetic_anhydride,5
2640,AF,Methanol ,6
2641,AF,Ethanol_96,6
2642,AF,Ethanol_99p9,6
2643,AF,n-Propanol,6
2644,AF,n-Butanol,6
2645,AF,Pentanol-1,6
2646,AF,2-Ethyl_butanol,6
2647,AF,2-Ethyl_hexanol,6
2648,AF,Methyl_isobutyl_carbinol,6
2649,AF,Propylene_glycol,6
2650,AF,Ethylene_glycol,6
2651,AF,1_3-Butandiol,6
2652,AF,Glycerol,6
2653,AF,Cyclohexanol,6
2654,AF,m-Cresol,6
2655,AF,Ethyl_lactate,6
2656,AF,n-Butyl_lactate,6
2657,AF,Diethylene_glycol,6
2658,AF,Dipropylene_glycol,6
2659,AF,2-Butoxyethanol,6
2660,AF,Methyl_dioxitol,6
2661,AF,Butyl_dioxitol,6
2662,AF,Oxitole,6
2663,AF,Diacetone_alcohol,6
2664,AF,Cellusolve_acetate,5
2665,AF,Methyl_Cellusolve,6
2666,AF,Diethyl_ether,6
2667,AF,Furan,6
2668,AF,Dioxane,3
2669,AF,Methylal,6
2670,AF,Diethyl_sulfide,6
2671,AF,Carbon_disulfide,6
2672,AF,Dimethyl_sulphoxide,2
2673,AF,Propylene_carbonate,6
2674,AF,gamma_Butyrolactone,4
2675,AF,Acetone,5
2676,AF,Methyl_ethyl_ketone,3
2677,AF,Methyl_isobutyl_ketone,4
2678,AF,Methyl_isoamyl_ketone,5
2679,AF,Diisobutyl_ketone,6
2680,AF,Isophorone,2
2681,AF,Acetophenone,2
2682,AF,Cyclohexanone,1
2683,AF,Tetrahydrofuran,1
2684,AF,Mesityl_oxide,2
2685,AF,Ethyl_acetate,6
2686,AF,n-Butyl_acetate,5
2687,AF,Isoamyl_acetate,5
2688,AF,Isobutyl_isobutyrate,6
2689,AF,Acetonitrile,6
2690,AF,Butyronitrite,6
2691,AF,Nitromethane,6
2692,AF,Nitroethane,6
2693,AF,2-Nitropropane,5
2694,AF,Aniline,3
2695,AF,Nitrobenzene,2
2696,AF,Ethanolamine,6
2697,AF,Dimethyl_formamide,4
2698,AF,Dipropyl_amine,6
2699,AF,Diethyl_amine,6
2700,AF,Morpholine,1
2701,AF,Cyclohexylamine,6
2702,AF,Pyridine,2
2703,AF,Carbon_terachloride,6
2704,AF,Chloroform,5
2705,AF,Ethylen_chloride,3
2706,AF,Methylene_chloride,2
2707,AF,1_1_1-Trichloroethane,6
2708,AF,1-Chlorobutane,6
2709,AF,Trichloroethylene,5
2710,AF,2_2-Dichloro_diethyl_ether,3
2711,AF,Chlorobenzene,4
2712,AF,o-Dichlorobenzene,4
2713,AF,alpha-bromonaphtaline,4
2714,AF,Cyclohexylchloride,5
2715,AF,Benzene,5
2716,AF,Toluene,5
2717,AF,Xylene,6
2718,AF,Ethyl_benzene,6
2719,AF,Styrene,5
2720,AF,Tetralin,6
2721,AF,Hexane,6
2722,AF,Cyclohexane,6
2723,AF,Acetic_acid,6
2724,AF,Formic_acid_90,6
2725,AF,Butyric_acid,6
2726,AF,Benzaldehyde,1
2727,AF,Acetic_anhydride,6
2728,AG,Methanol ,6
2729,AG,Ethanol_96,6
2730,AG,Ethanol_99p9,6
2731,AG,n-Propanol,6
2732,AG,n-Butanol,6
2733,AG,Pentanol-1,6
2734,AG,2-Ethyl_butanol,6
2735,AG,2-Ethyl_hexanol,6
2736,AG,Methyl_isobutyl_carbinol,6
2737,AG,Propylene_glycol,6
2738,AG,Ethylene_glycol,6
2739,AG,1_3-Butandiol,6
2740,AG,Glycerol,6
2741,AG,Cyclohexanol,5
2742,AG,m-Cresol,1
2743,AG,Ethyl_lactate,5
2744,AG,n-Butyl_lactate,1
2745,AG,Diethylene_glycol,6
2746,AG,Dipropylene_glycol,6
2747,AG,2-Butoxyethanol,1
2748,AG,Methyl_dioxitol,4
2749,AG,Butyl_dioxitol,1
2750,AG,Oxitole,2
2751,AG,Diacetone_alcohol,5
2752,AG,Cellusolve_acetate,1
2753,AG,Methyl_Cellusolve,5
2754,AG,Diethyl_ether,1
2755,AG,Furan,1
2756,AG,Dioxane,1
2757,AG,Methylal,1
2758,AG,Diethyl_sulfide,1
2759,AG,Carbon_disulfide,1
2760,AG,Dimethyl_sulphoxide,6
2761,AG,Propylene_carbonate,6
2762,AG,gamma_Butyrolactone,2
2763,AG,Acetone,2
2764,AG,Methyl_ethyl_ketone,1
2765,AG,Methyl_isobutyl_ketone,1
2766,AG,Methyl_isoamyl_ketone,1
2767,AG,Diisobutyl_ketone,1
2768,AG,Isophorone,1
2769,AG,Acetophenone,1
2770,AG,Cyclohexanone,1
2771,AG,Tetrahydrofuran,1
2772,AG,Mesityl_oxide,1
2773,AG,Ethyl_acetate,1
2774,AG,n-Butyl_acetate,1
2775,AG,Isoamyl_acetate,1
2776,AG,Isobutyl_isobutyrate,1
2777,AG,Acetonitrile,5
2778,AG,Butyronitrite,1
2779,AG,Nitromethane,5
2780,AG,Nitroethane,2
2781,AG,2-Nitropropane,1
2782,AG,Aniline,1
2783,AG,Nitrobenzene,1
2784,AG,Ethanolamine,6
2785,AG,Dimethyl_formamide,1
2786,AG,Dipropyl_amine,1
2787,AG,Diethyl_amine,1
2788,AG,Morpholine,1
2789,AG,Cyclohexylamine,1
2790,AG,Pyridine,1
2791,AG,Carbon_terachloride,1
2792,AG,Chloroform,1
2793,AG,Ethylen_chloride,1
2794,AG,Methylene_chloride,1
2795,AG,1_1_1-Trichloroethane,1
2796,AG,1-Chlorobutane,1
2797,AG,Trichloroethylene,1
2798,AG,2_2-Dichloro_diethyl_ether,1
2799,AG,Chlorobenzene,1
2800,AG,o-Dichlorobenzene,1
2801,AG,alpha-bromonaphtaline,1
2802,AG,Cyclohexylchloride,1
2803,AG,Benzene,1
2804,AG,Toluene,1
2805,AG,Xylene,1
2806,AG,Ethyl_benzene,1
2807,AG,Styrene,1
2808,AG,Tetralin,1
2809,AG,Hexane,5
2810,AG,Cyclohexane,2
2811,AG,Acetic_acid,5
2812,AG,Formic_acid_90,6
2813,AG,Butyric_acid,1
2814,AG,Benzaldehyde,1
2815,AG,Acetic_anhydride,5
2816,AH,Methanol ,5
2817,AH,Ethanol_96,5
2818,AH,Ethanol_99p9,6
2819,AH,n-Propanol,6
2820,AH,n-Butanol,6
2821,AH,Pentanol-1,6
2822,AH,2-Ethyl_butanol,6
2823,AH,2-Ethyl_hexanol,6
2824,AH,Methyl_isobutyl_carbinol,6
2825,AH,Propylene_glycol,3
2826,AH,Ethylene_glycol,1
2827,AH,1_3-Butandiol,6
2828,AH,Glycerol,6
2829,AH,Cyclohexanol,6
2830,AH,m-Cresol,1
2831,AH,Ethyl_lactate,3
2832,AH,n-Butyl_lactate,6
2833,AH,Diethylene_glycol,1
2834,AH,Dipropylene_glycol,1
2835,AH,2-Butoxyethanol,6
2836,AH,Methyl_dioxitol,1
2837,AH,Butyl_dioxitol,1
2838,AH,Oxitole,1
2839,AH,Diacetone_alcohol,1
2840,AH,Cellusolve_acetate,6
2841,AH,Methyl_Cellusolve,1
2842,AH,Diethyl_ether,6
2843,AH,Furan,6
2844,AH,Dioxane,2
2845,AH,Methylal,6
2846,AH,Diethyl_sulfide,6
2847,AH,Carbon_disulfide,4
2848,AH,Dimethyl_sulphoxide,1
2849,AH,Propylene_carbonate,6
2850,AH,gamma_Butyrolactone,1
2851,AH,Acetone,5
2852,AH,Methyl_ethyl_ketone,6
2853,AH,Methyl_isobutyl_ketone,6
2854,AH,Methyl_isoamyl_ketone,6
2855,AH,Diisobutyl_ketone,6
2856,AH,Isophorone,5
2857,AH,Acetophenone,4
2858,AH,Cyclohexanone,5
2859,AH,Tetrahydrofuran,3
2860,AH,Mesityl_oxide,4
2861,AH,Ethyl_acetate,6
2862,AH,n-Butyl_acetate,6
2863,AH,Isoamyl_acetate,6
2864,AH,Isobutyl_isobutyrate,6
2865,AH,Acetonitrile,6
2866,AH,Butyronitrite,5
2867,AH,Nitromethane,6
2868,AH,Nitroethane,6
2869,AH,2-Nitropropane,6
2870,AH,Aniline,1
2871,AH,Nitrobenzene,4
2872,AH,Ethanolamine,1
2873,AH,Dimethyl_formamide,1
2874,AH,Dipropyl_amine,6
2875,AH,Diethyl_amine,5
2876,AH,Morpholine,1
2877,AH,Cyclohexylamine,3
2878,AH,Pyridine,1
2879,AH,Carbon_terachloride,5
2880,AH,Chloroform,6
2881,AH,Ethylen_chloride,6
2882,AH,Methylene_chloride,6
2883,AH,1_1_1-Trichloroethane,6
2884,AH,1-Chlorobutane,6
2885,AH,Trichloroethylene,5
2886,AH,2_2-Dichloro_diethyl_ether,6
2887,AH,Chlorobenzene,5
2888,AH,o-Dichlorobenzene,4
2889,AH,alpha-bromonaphtaline,4
2890,AH,Cyclohexylchloride,6
2891,AH,Benzene,5
2892,AH,Toluene,5
2893,AH,Xylene,6
2894,AH,Ethyl_benzene,6
2895,AH,Styrene,5
2896,AH,Tetralin,4
2897,AH,Hexane,6
2898,AH,Cyclohexane,6
2899,AH,Acetic_acid,4
2900,AH,Formic_acid_90,1
2901,AH,Butyric_acid,6
2902,AH,Benzaldehyde,3
2903,AH,Acetic_anhydride,5
